CREATE TABLE Dim_Product (
    `product_id` VARCHAR(7) PRIMARY KEY,
    `product_name` VARCHAR(91) CHARACTER SET utf8,
    `size` VARCHAR(19) CHARACTER SET utf8,
    `variation_type` VARCHAR(34) CHARACTER SET utf8,
    `variation_value` VARCHAR(25) CHARACTER SET utf8,
    `limited_edition` INT,
    `new` INT,
    `online_only` INT,
    `out_of_stock` INT,
    `sephora_exclusive` INT,
    `highlights` VARCHAR(182) CHARACTER SET utf8,
    `child_count` VARCHAR(4) CHARACTER SET utf8
);

 INSERT INTO `Dim_Product` 
    (product_id, product_name, size, variation_type, variation_value,
     limited_edition, new, online_only, out_of_stock, sephora_exclusive, highlights, child_count) 
VALUES ('P439055','genius sleeping collagen moisturizer','2 oz/ 60 ml','size','2 oz/ 60 ml',0,0,0,0,1,'[''vegan'', ''good for: loss of firmness'', ''collagen'', ''hypoallergenic'', ''without parabens'', ''best for dry, combo, normal skin'']','0'),
	('P421277','genius liquid collagen serum','1 oz / 30 ml','size','1 oz / 30 ml',0,0,0,0,1,'[''vegan'', ''good for: loss of firmness'', ''collagen'', ''hypoallergenic'', ''without parabens'', ''best for dry, combo, normal skin'']','1'),
	('P467602','triple algae eye renewal balm eye cream','not specified','size','1.7 oz/ 50 ml',0,0,0,0,1,'[''layerable scent'', ''floral scent'']','0'),
	('P432045','genius liquid collagen lip treatment','.5 oz / 15 ml','size','.5 oz / 15 ml',0,0,0,0,1,'[''vegan'', ''good for: loss of firmness'', ''plumping'', ''collagen'', ''hypoallergenic'', ''best for dry, combo, normal skin'']','0'),
	('P311143','sublime defense ultra lightweight uv defense fluid spf 50','1 oz','size','1 oz',0,0,0,0,0,'[''vegan'', ''hypoallergenic'', ''uv protection'', ''spf'', ''best for dry, combo, normal skin'']','0'),
	('P384537','genius ultimate anti-aging cream','2 oz/ 60 ml','size','2 oz/ 60 ml',0,0,0,0,0,'[''vegan'', ''collagen'', ''hypoallergenic'', ''good for: loss of firmness'', ''best for dry, combo, normal skin'']','1'),
	('P388200','genius ultimate anti-aging melting cleanser','5 oz/ 150 ml','size','5 oz/ 150 ml',0,0,0,1,0,'[''layerable scent'', ''floral scent'']','0'),
	('P296413','gentle rejuvenating cleanser','4 oz/ 120 ml','size','4 oz/ 120 ml',0,0,0,0,0,'[''layerable scent'', ''floral scent'']','0'),
	('P500716','10 day results kit','not specified','size','1.7 oz/ 50 ml',0,0,0,0,1,'[''vegan'', ''good for: loss of firmness'', ''good for: dark circles'', ''collagen'', ''hydrating'', ''good for: anti-aging'']','0'),
	('P379907','advanced anti-aging repairing oil','1 oz/ 30 ml','size','1 oz/ 30 ml',0,0,0,0,0,'[''layerable scent'', ''floral scent'']','0'),
	('P296415','overnight restorative cream','2 oz/ 60 ml','size','2 oz/ 60 ml',0,0,0,0,0,'[''layerable scent'', ''floral scent'']','0'),
	('P392945','genius ultimate anti-aging vitamin c+ serum','1 oz/ 30 ml','size','1 oz/ 30 ml',0,0,0,0,0,'[''vegan'', ''collagen'', ''hypoallergenic'', ''good for: loss of firmness'', ''best for dry, combo, normal skin'']','0'),
	('P282935','regenerative anti-aging moisturizer','2 oz/ 60 ml','size','2 oz/ 60 ml',0,0,0,1,0,'[''layerable scent'', ''floral scent'']','0'),
	('P474809','blue algae vitamin c skinclarity brightening serum','1 oz/ 30 ml','size','1 oz/ 30 ml',0,0,0,0,1,'[''layerable scent'', ''floral scent'']','0'),
	('P416552','power recharging night pressed serum','2 oz/ 60 ml','size','2 oz/ 60 ml',0,0,0,0,1,'[''layerable scent'', ''floral scent'']','0'),
	('P471000','algae niacinamide moisture veil','1.7 oz/ 50 ml','size','1.7 oz/ 50 ml',0,0,0,0,1,'[''liquid formula'', ''best for oily, combo, normal skin'', ''good for: dullness/uneven texture'', ''good for: dryness'', ''niacinamide'', ''oil free'']','0'),
	('P480274','genius liquid skin resurfacing 2% bha toner','3.4 oz/ 100 ml','size','3.4 oz/ 100 ml',0,0,0,0,1,'[''salicylic acid'', ''collagen'', ''best for oily, combo, normal skin'', ''good for: dullness/uneven texture'', ''good for: loss of firmness'', ''vegan'']','0'),
	('P453818','genius collagen calming relief','1.35 oz/ 40 ml','size','1.35 oz/ 40 ml',0,0,0,0,1,'[''vegan'', ''collagen'', ''hypoallergenic'', ''good for: redness'', ''best for dry, combo, normal skin'']','0'),
	('P442859','alive prebiotic balancing mask','1.7 oz/ 50 ml','size','1.7 oz/ 50 ml',0,0,0,0,1,'[''vegan'', ''hypoallergenic'', ''good for: acne/blemishes'', ''best for combination skin'']','0'),
	('P388262','genius ultimate anti-aging eye cream','0.5 oz/ 15 ml','size','0.5 oz/ 15 ml',0,0,0,0,0,'[''vegan'', ''collagen'', ''hypoallergenic'', ''good for: loss of firmness'', ''best for dry, combo, normal skin'']','0'),
	('P457694','blue algae vitamin c dark spot correcting peel','1.5 oz/ 45 ml','size','1.5 oz/ 45 ml',0,0,0,0,1,'[''vegan'', ''vitamin c'', ''hypoallergenic'', ''good for: dark spots'', ''best for oily, combo, normal skin'']','0'),
	('P447504','aa (alguronic acid) barrier serum','1 oz/ 30 ml','size','1 oz/ 30 ml',0,0,0,0,1,'[''vegan'', ''niacinamide'', ''hypoallergenic'', ''good for: anti-aging'', ''best for dry, combo, normal skin'']','0'),
	('P404169','power advanced wrinkle fighter 360° eye serum','0.5 oz/ 15 ml','size','0.5 oz/ 15 ml',0,0,0,0,1,'[''layerable scent'', ''floral scent'']','0'),
	('P404168','power advanced wrinkle fighter moisturizer','2 oz/ 60 ml','size','2 oz/ 60 ml',0,0,0,0,1,'[''layerable scent'', ''floral scent'']','0'),
	('P449163','genius liquid collagen hand cream','1.7 oz/ 50 ml','size','1.7 oz/ 50 ml',0,0,0,0,0,'[''vegan'', ''collagen'', ''hypoallergenic'', ''good for: dryness'', ''best for dry, combo, normal skin'']','0'),
	('P433469','elevate advanced retinol serum','1 oz/ 30 ml','size','1 oz/ 30 ml',0,0,0,0,0,'[''vegan'', ''retinol'', ''hypoallergenic'', ''good for: dullness/uneven texture'', ''best for oily, combo, normal skin'']','0'),
	('P420638','elevate advanced lift contouring cream','2 oz/ 60 ml','size','2 oz/ 60 ml',0,0,0,0,0,'[''layerable scent'', ''floral scent'']','0'),
	('P456990','mini genius liquid collagen','0.21 oz/ 6.2 ml','size','0.21 oz/ 6.2 ml',0,0,0,0,1,'[''vegan'', ''good for: loss of firmness'', ''collagen'', ''hypoallergenic'', ''without parabens'', ''best for dry, combo, normal skin'']','0'),
	('P410809','elevate firming & lifting contouring eye cream','0.5 oz/ 15 ml','size','0.5 oz/ 15 ml',0,0,0,0,0,'[''layerable scent'', ''floral scent'']','0'),
	('P442860','alive prebiotic balancing moisturizer spf 15','1.7 oz/ 50 ml','size','1.7 oz/ 50 ml',0,0,0,0,1,'[''layerable scent'', ''floral scent'']','0'),
	('P449164','elevate firming & lifting neck cream','2 oz/ 60 ml','size','2 oz/ 60 ml',0,0,0,0,1,'[''vegan'', ''retinol'', ''hypoallergenic'', ''good for: anti-aging'', ''best for dry, combo, normal skin'']','0'),
	('P504443','plump pout duo','not specified','size','1.7 oz/ 50 ml',0,1,1,0,0,'[''vegan'', ''good for: loss of firmness'', ''plumping'', ''collagen'', ''hypoallergenic'', ''best for dry, combo, normal skin'']','0'),
	('P503998','algae peptide regenerative moisturizer','2 oz / 60 ml','size','2 oz / 60 ml',0,1,0,0,1,'[''vegan'', ''hydrating'', ''good for: anti-aging'', ''fragrance free'', ''good for: dryness'', ''best for dry, combo, normal skin'']','0'),
	('P440949','liquid gold exfoliating treatment with glycolic acid','3.38 oz/ 100 ml','size','3.38 oz/ 100 ml',0,0,1,0,0,'[''aha/glycolic acid'', ''good for: dullness/uneven texture'', ''good for: anti-aging'', ''good for: dark spots'', ''cruelty-free'', ''clean at sephora'']','1'),
	('P442540','vitamin a serum with 0.5% retinol','0.85 oz/ 25 ml','size','0.85 oz/ 25 ml',0,0,1,0,0,'[''vegan'', ''good for: dullness/uneven texture'', ''good for: loss of firmness'', ''clean at sephora'', ''retinol'', ''good for: anti-aging'']','0'),
	('P442539','vitamin b serum with 5% niacinamide and peptides','0.85 oz/ 25 ml','size','0.85 oz/ 25 ml',0,0,1,0,0,'[''hyaluronic acid'', ''good for: dullness/uneven texture'', ''good for: pores'', ''hydrating'', ''clean at sephora'', ''niacinamide'']','0'),
	('P442546','balancing cleanser','6.25 oz/ 185 ml','size','6.25 oz/ 185 ml',0,0,1,0,0,'[''best for dry, combo, normal skin'', ''good for: redness'', ''good for: dryness'', ''cruelty-free'', ''clean at sephora'', ''allure 2021 best of beauty award winner'']','0'),
	('P442548','mini liquid gold exfoliating treatment with glycolic acid','1 oz/ 30 ml','size','1 oz/ 30 ml',0,0,1,0,0,'[''aha/glycolic acid'', ''good for: dullness/uneven texture'', ''good for: anti-aging'', ''good for: dark spots'', ''cruelty-free'', ''clean at sephora'']','0'),
	('P442537','liquid gold firming eye cream','0.51 oz/ 15 ml','size','0.51 oz/ 15 ml',0,0,1,0,0,'[''aha/glycolic acid'', ''good for: loss of firmness'', ''good for: dark circles'', ''good for: anti-aging'', ''cruelty-free'', ''clean at sephora'']','0'),
	('P480150','liquid gold midnight reboot serum with 14% glycolic acid and tripeptide-5','1.69 oz/ 50 ml','size','1.69 oz/ 50 ml',0,0,1,0,0,'[''good for: dullness/uneven texture'', ''good for: loss of firmness'', ''clean at sephora'', ''good for: anti-aging'', ''aha/glycolic acid'', ''cruelty-free'']','0'),
	('P442542','beauty sleep power peel age-defying night peel','1.69 oz/ 50 ml','size','1.69 oz/ 50 ml',0,0,1,0,0,'[''good for: dullness/uneven texture'', ''clean at sephora'', ''retinol'', ''good for: anti-aging'', ''aha/glycolic acid'', ''cruelty-free'']','0'),
	('P442545','triple action cleanser','6.25 oz/ 185 ml','size','6.25 oz/ 185 ml',0,0,1,0,0,'[''best for oily, combo, normal skin'', ''good for: acne/blemishes'', ''good for: pores'', ''cruelty-free'', ''clean at sephora'']','0'),
	('P460779','skinlongevity long life herb anti-aging face serum','1.7 oz/ 50 ml','size','1.7 oz/ 50 ml',0,0,0,0,0,'[''vegan'', ''good for: dullness/uneven texture'', ''clean at sephora'', ''good for: anti-aging'', ''best for dry, combo, normal skin'', ''niacinamide'']','0'),
	('P393356','complexion rescue tinted moisturizer with hyaluronic acid and mineral spf 30','not specified','color','cashew 3.5',0,0,0,0,0,'[''light coverage'', ''vegan'', ''natural finish'', ''cream formula'', ''community favorite'', ''hydrating'']','39'),
	('P61004','mineral veil talc free setting powder','0.3 oz/ 8.5 g','color','illuminating mineral veil',0,0,0,0,0,'[''loose powder formula'', ''without parabens'', ''without phthalates'', ''vegan'', ''clean at sephora'']','2'),
	('P410543','barepro 16-hr skin-perfecting powder foundation','0.2 oz/ 8g','color','medium 35 warm',0,0,0,0,0,'[''vegan'', ''pressed powder formula'', ''clean at sephora'', ''matte finish'', ''long-wearing'', ''full coverage'']','34'),
	('P61005','warmth all-over face color loose bronzer','0.03 oz/ 0.85 g','color','warmth',0,0,0,0,0,'[''loose powder formula'', ''radiant finish'', ''vegan'', ''without parabens'', ''without sulfates sls & sles'', ''without silicones'', ''clean at sephora'']','1'),
	('P469839','gen nude blonzer blush + bronzer','0.13 oz/ 3.8 g','color','kiss of pink',0,0,0,0,0,'[''vegan'', ''pressed powder formula'', ''clean at sephora'', ''fragrance free'', ''gluten free'']','2'),
	('P455324','mineralist hydra-smoothing lipstick','0.12 oz/ 3.6 g','color','grace',0,0,0,0,0,'[''satin finish'', ''hydrating'', ''vegan'', ''without parabens'', ''without sulfates sls & sles'', ''without silicones'', ''clean at sephora'']','11'),
	('P427652','gen nude powder blush','0.21 oz/ 3.7 ml','color','pink me up',0,0,0,0,0,'[''vegan'', ''pressed powder formula'', ''natural finish'', ''clean at sephora'', ''without parabens'', ''without silicones'', ''without sulfates sls & sles'']','3'),
	('P469847','mineralist lip gloss balm','0.13 oz/ 4 ml','color','serenity',0,0,0,0,0,'[''vegan'', ''high shine finish'', ''hydrating'', ''clean at sephora'']','7'),
	('P396527','beautiful finish foundation brush','not specified','size','1.7 oz/ 50 ml',0,0,0,0,0,'[''layerable scent'', ''floral scent'']','0'),
	('P470512','original liquid mineral concealer','0.2 oz / 6 ml','color','very fair 0.5c',0,0,0,0,0,'[''vegan'', ''natural finish'', ''liquid formula'', ''good for: dark circles'', ''medium coverage'', ''cruelty-free'']','19'),
	('P473848','original mineral veil pressed setting powder','0.3 oz/ 9 g','color','translucent',0,0,0,0,0,'[''pressed powder formula'', ''matte finish'', ''good for: pores'', ''best for oily, combo, normal skin'', ''vegan'', ''clean at sephora'']','1'),
	('P461132','strength & length serum-infused mascara','0.27 oz/ 8 ml','color','extreme black',0,0,0,0,0,'[''lengthening'', ''volumizing'', ''vegan'', ''without sulfates sls & sles'', ''without parabens'']','0'),
	('P473841','mineralist eyeshadow palette','not specified','color','sunlit',0,0,0,0,0,'[''vegan'', ''pressed powder formula'', ''clean at sephora'', ''long-wearing'', ''cruelty-free'']','1'),
	('P501215','mineralist lasting matte liquid lipstick','.11 oz / 3.5 ml','color','mighty',0,0,0,0,0,'[''vegan'', ''liquid formula'', ''clean at sephora'', ''long-wearing'', ''matte finish'', ''cruelty-free'']','6'),
	('P473842','mineralist lasting eyeliner','0.012 oz/ 0.35 g','color','topaz',0,0,0,0,0,'[''vegan'', ''clean at sephora'', ''long-wearing'', ''waterproof'', ''without silicones'', ''cruelty-free'']','1'),
	('P501217','mineralist lasting lip liner','.04 oz / 1.3 g','color','striking spice',0,0,0,0,0,'[''vegan'', ''clean at sephora'', ''hydrating'', ''long-wearing'', ''cruelty-free'']','4'),
	('P481951','maximist phyto-fiber volumizing mascara','0.30 oz/ 9ml','color','maximum black',0,0,0,0,0,'[''clean at sephora'']','1'),
	('P502965','mini maximist phyto-fiber volumizing mascara','0.3 oz / 9 ml','color','maximum black',0,0,0,0,0,'[''vegan'', ''volumizing'', ''clean at sephora'', ''long-wearing'', ''waterproof'', ''cruelty-free'']','0'),
	('P504122','prime time original pore-minimizing primer','1 oz / 30 ml','size','1 oz / 30 ml',0,1,0,0,0,'[''liquid formula'', ''good for: pores'', ''matte finish'', ''without parabens'', ''without sulfates sls & sles'', ''gluten free'']','1'),
	('P158509','faux tan bronzer','0.03 oz/ 0.85 g','color','faux tan',0,0,0,0,0,'[''vegan'', ''loose powder formula'', ''radiant finish'', ''clean at sephora'', ''without parabens'', ''without silicones'', ''without sulfates sls & sles'']','0'),
	('P504153','mini prime time original pore-minimizing primer','0.5 oz / 15 ml','size','0.5 oz / 15 ml',0,1,0,0,0,'[''liquid formula'', ''good for: pores'', ''matte finish'', ''without parabens'', ''without sulfates sls & sles'', ''gluten free'']','0'),
	('P438637','bright eyes collagen-infused brightening colloidal silver eye masks','15 pairs','size','15 pairs',0,0,1,0,0,'[''good for: dullness/uneven texture'', ''good for: loss of firmness'', ''clean at sephora'', ''good for: dark circles'', ''collagen'', ''cruelty-free'']','0'),
	('P455623','the zenbubble gel cream','1.7 oz/ 50 ml','size','1.7 oz/ 50 ml',0,0,0,0,0,'[''good for: redness'', ''good for: pores'', ''clean at sephora'', ''good for: acne/blemishes'', ''best for oily, combo, normal skin'', ''cruelty-free'']','0'),
	('P472448','glass & gloss 2-step facial retexturizing & brightening treatment','2 oz/ 60 ml','size','2 oz/ 60 ml',0,0,1,0,0,'[''good for: dullness/uneven texture'', ''vitamin c'', ''hydrating'', ''clean at sephora'', ''good for: dryness'']','0'),
	('P477961','get that glow - glopro facial microneedling discovery set','not specified','size','1.7 oz/ 50 ml',0,0,0,0,1,'[''good for: anti-aging'', ''good for: pores'', ''good for: dullness/uneven texture'', ''good for: redness'', ''good for: loss of firmness'']','0'),
	('P438631','the sculptor with lipocare cellulite smoothing body cream','6 oz/ 180 ml','size','6 oz/ 180 ml',0,0,1,0,0,'[''layerable scent'', ''floral scent'']','0'),
	('P463793','healthy scalp hair density& clarifying serum','1.7 oz/ 50 ml','size','1.7 oz/ 50 ml',0,0,0,0,0,'[''clean at sephora'', ''good for: hair thinning'', ''good for: damage'', ''good for: oily scalp'', ''good for: flaky/dry scalp'', ''cruelty-free'']','0'),
	('P438643','the balance ph balancing gel cleanser','6 oz/ 180 ml','size','6 oz/ 180 ml',0,0,0,0,0,'[''clean at sephora'', ''good for: acne/blemishes'', ''good for: dullness/uneven texture'', ''alcohol free'', ''good for: pores'', ''cruelty-free'']','0'),
	('P438628','contouring + de-puffing rose quartz roller','not specified','size','1.7 oz/ 50 ml',0,0,0,0,0,'[''layerable scent'', ''floral scent'']','0'),
	('P438635','the pout sparkling rosé hyaluronic acid collagen plumping lip serum','0.5 oz/ 15 ml','size','0.5 oz/ 15 ml',0,0,1,0,0,'[''clean at sephora'', ''plumping'', ''volumizing'', ''hyaluronic acid'', ''collagen'', ''cruelty-free'']','0'),
	('P481060','the eyelighter concentrate','0.5 oz/ 15 ml','size','0.5 oz/ 15 ml',0,0,0,0,0,'[''vegan'', ''high shine finish'', ''vitamin c'', ''good for: dark circles'', ''clean at sephora'', ''cruelty-free'']','0'),
	('P438648','the quench quadralipid rapid recovery facial moisturizer','1.7 oz/ 50 ml','size','1.7 oz/ 50 ml',0,0,0,0,0,'[''clean at sephora'', ''best for dry skin'', ''good for: anti-aging'', ''good for: dullness/uneven texture'', ''good for: loss of firmness'', ''cruelty-free'']','0'),
	('P503562','glofacial hydro-infusion pore cleansing + blue led clarifying tool','not specified','size','1.7 oz/ 50 ml',0,0,1,0,0,'[''good for: pores'', ''plumping'', ''hydrating'', ''clean at sephora'', ''good for: acne/blemishes'', ''cruelty-free'']','0'),
	('P444988','the radiance nourishing body oil with jojoba + apricot + olive oil','3.4 oz/ 100 ml','size','3.4 oz/ 100 ml',0,0,1,0,0,'[''clean at sephora'', ''good for: dullness/uneven texture'', ''good for: dryness'', ''good for: anti-aging'', ''cruelty-free'']','0'),
	('P505145','zenbubble bi-phase toner serum','1.7 oz / 50 ml','size','1.7 oz / 50 ml',0,1,0,0,0,'[''vegan'', ''good for: redness'', ''plumping'', ''hydrating'', ''alcohol free'', ''cruelty-free'']','0'),
	('P467106','cryo skin icing dual-ended roller','not specified','size','1.7 oz/ 50 ml',0,0,0,0,0,'[''layerable scent'', ''floral scent'']','0'),
	('P438642','glopro prep pads clarifying skin cleansing wipes with peptides','30 pads','size','30 pads',0,0,1,0,0,'[''clean at sephora'', ''good for: dullness/uneven texture'']','0'),
	('P443810','the daily vitamin c day serum with antioxidant complex','1 oz/ 30 ml','size','1 oz/ 30 ml',0,0,0,0,0,'[''clean at sephora'', ''vitamin c'', ''good for: dullness/uneven texture'', ''good for: dark spots'', ''fragrance free'', ''cruelty-free'']','0'),
	('P438632','glopro body microtip attachment head','not specified','color','white/off-white',0,0,1,0,0,'[''layerable scent'', ''floral scent'']','0'),
	('P463792','rejuvenating scalp + fuller hair therapy set','not specified','size','1.7 oz/ 50 ml',0,0,0,0,0,'[''layerable scent'', ''floral scent'']','0'),
	('P443812','r45 the lift 3-phase advanced neck contouring treatment','3 x 0.17 oz/ 5 ml','size','1.7 oz/ 50 ml',0,0,1,0,0,'[''layerable scent'', ''floral scent'']','0'),
	('P463791','glopro scalp microtip attachment head','not specified','size','1.7 oz/ 50 ml',0,0,0,0,0,'[''layerable scent'', ''floral scent'']','0'),
	('P438629','the radiance brightening vitamin e + rosehip seed facial oil','1 oz/ 30 ml','size','1 oz/ 30 ml',0,0,1,0,0,'[''clean at sephora'', ''best for dry skin'', ''good for: anti-aging'', ''good for: redness'', ''good for: dryness'', ''cruelty-free'']','0'),
	('P438640','the nightly retinol + peptide anti-aging serum','1 oz/ 30 ml','size','1 oz/ 30 ml',0,0,0,0,0,'[''clean at sephora'', ''retinol'', ''good for: anti-aging'', ''good for: dullness/uneven texture'', ''cruelty-free'']','0'),
	('P467107','glopro cryo skin icing attachments','not specified','size','1.7 oz/ 50 ml',0,0,1,0,0,'[''layerable scent'', ''floral scent'']','0'),
	('P438634','glopro face microtip attachment head','not specified','color','white',0,0,1,0,0,'[''layerable scent'', ''floral scent'']','0'),
	('P438638','glopro eye microtip attachment head','not specified','color','white',0,0,1,0,0,'[''layerable scent'', ''floral scent'']','0'),
	('P503552','glofacial clarifying salicylic & plumping hyaluronic acid concentrate','1.7 oz / 50 ml','size','1.7 oz / 50 ml',0,0,1,0,0,'[''good for: dullness/uneven texture'', ''hyaluronic acid'', ''plumping'', ''hydrating'', ''salicylic acid'', ''niacinamide'']','0'),
	('P438630','contouring + de-puffing rose quartz glopro attachment head','not specified','size','1.7 oz/ 50 ml',0,0,1,0,0,'[''layerable scent'', ''floral scent'']','0'),
	('P503560','glofacial antimicrobial treatment tips + cleaning brush accessories','not specified','size','1.7 oz/ 50 ml',0,0,1,0,0,'[''good for: pores'', ''plumping'', ''hydrating'', ''good for: acne/blemishes'']','0'),
	('P502237','head-to-toe afterglo set','not specified','size','1.7 oz/ 50 ml',1,0,0,0,0,'[''good for: redness'', ''good for: loss of firmness'', ''plumping'', ''good for: anti-aging'', ''without parabens'', ''cruelty-free'']','0'),
	('P483141','the quench eye reviving quadralipid eye balm','5 oz/ 14 g','size','5 oz/ 14 g',0,0,0,0,0,'[''layerable scent'', ''floral scent'']','0'),
	('P483089','eye want it all face + eye microneedling set','not specified','size','1.7 oz/ 50 ml',0,0,0,0,0,'[''good for: dullness/uneven texture'', ''good for: dark circles'', ''good for: loss of firmness'', ''good for: anti-aging'']','0'),
	('P500755','cryo skin icing roller + bright eyes gels set','not specified','size','1.7 oz/ 50 ml',1,0,1,0,1,'[''good for: loss of firmness'', ''good for: pores'', ''plumping'', ''good for: dark circles'', ''collagen'', ''cruelty-free'']','0'),
	('P394639','the true cream aqua bomb','1.68 oz/ 50 ml','size','1.68 oz/ 50 ml',0,0,0,0,0,'[''layerable scent'', ''floral scent'']','2'),
	('P394624','the true cream moisturizing bomb','1.68 oz/ 50 ml','size','1.68 oz/ 50 ml',0,0,0,0,0,'[''layerable scent'', ''floral scent'']','2'),
	('P422905','moisturizing eye bomb with squalane','not specified','size','1.7 oz/ 50 ml',0,0,0,0,0,'[''layerable scent'', ''floral scent'']','0'),
	('P475908','aqua bomb overnight lip mask','.7 oz/ 20 g','size','.7 oz/ 20 g',0,0,0,0,1,'[''radiant finish'', ''high shine finish'', ''best for dry skin'', ''hydrating'', ''best for dry, combo, normal skin'']','0'),
	('P462336','aqua bomb cleansing balm','3.3 oz/ 100 ml','size','3.3 oz/ 100 ml',0,0,0,0,0,'[''layerable scent'', ''floral scent'']','0'),
	('P471535','aqua bomb brightening vitamin c cream','1.69 oz/ 50 ml','size','1.69 oz/ 50 ml',0,0,0,0,1,'[''radiant finish'', ''good for: dullness/uneven texture'', ''hydrating'', ''good for: dryness'', ''best for oily, combo, normal skin'']','0'),
	('P449175','aqua bomb hydrating toner','6.75 oz/ 200 ml','size','6.75 oz/ 200 ml',0,0,0,0,0,'[''layerable scent'', ''floral scent'']','0'),
	('P433443','aqua bomb sleeping mask','2.53 oz/ 75 ml','size','2.53 oz/ 75 ml',0,0,0,1,0,'[''layerable scent'', ''floral scent'']','0'),
	('P444057','aqua bomb jelly cleanser','5.41 oz/ 160 ml','size','5.41 oz/ 160 ml',0,0,0,0,0,'[''layerable scent'', ''floral scent'']','0'),
	('P500019','the true cream - aqua bomb sunscreen broad spectrum spf 50','not specified','size','1.7 oz/ 50 ml',0,0,0,0,0,'[''layerable scent'', ''floral scent'']','0'),
	('P481952','aqua bomb hydrating body moisturizer with niacinamide and hyaluronic acid','10.13 oz/ 300 ml','size','10.13 oz/ 300 ml',0,0,0,0,0,'[''hyaluronic acid'', ''good for: dullness/uneven texture'', ''hydrating'', ''good for: dryness'', ''best for dry, combo, normal skin'', ''niacinamide'']','0'),
	('P435801','aqua bomb mist','2 x 2.02 oz/ 60 ml','size','2 x 2.02 oz/ 60 ml',0,0,0,0,0,'[''layerable scent'', ''floral scent'']','0'),
	('P504888','aqua bomb protect & glow travel kit','not specified','size','1.7 oz/ 50 ml',1,1,0,0,0,'[''good for: dullness/uneven texture'', ''hydrating'', ''without mineral oil'', ''without phthalates'', ''best for dry, combo, normal skin'', ''spf'']','0'),
	('P504852','aqua bomb everyday hydration set','not specified','size','1.7 oz/ 50 ml',1,1,0,0,1,'[''good for: dullness/uneven texture'', ''good for: loss of firmness'', ''hydrating'', ''without mineral oil'', ''without phthalates'', ''best for oily, combo, normal skin'', ''without parabens'']','0'),
	('P433887','squalane + omega repair deep hydration moisturizer','1.69 oz / 50 ml','size','1.69 oz / 50 ml',0,0,0,0,1,'[''vegan'', ''hyaluronic acid'', ''clean + planet positive'', ''fragrance free'', ''good for: dryness'', ''best for dry, combo, normal skin'']','2'),
	('P416563','squalane + vitamin c rose firming oil','1.01 oz / 30 ml','size','1.01 oz / 30 ml',0,0,0,0,1,'[''vegan'', ''good for: loss of firmness'', ''vitamin c'', ''clean + planet positive'', ''good for: dryness'', ''best for dry, combo, normal skin'']','1'),
	('P447210','squalane + marine algae firming & lifting eye cream','0.5 oz / 15 ml','size','0.5 oz / 15 ml',0,0,0,0,1,'[''vegan'', ''allure 2020 best of beauty award winner'', ''good for: loss of firmness'', ''clean + planet positive'', ''good for: anti-aging'', ''fragrance free'']','0'),
	('P453224','squalane + 10% lactic acid resurfacing serum','1.01 oz / 30 ml','size','1.01 oz / 30 ml',0,0,0,0,1,'[''vegan'', ''good for: dullness/uneven texture'', ''good for: pores'', ''clean + planet positive'', ''aha/glycolic acid'', ''best for oily, combo, normal skin'']','0'),
	('P416561','squalane + probiotic balancing gel moisturizer','1.69 oz / 50 ml','size','1.69 oz / 50 ml',0,0,0,0,1,'[''vegan'', ''good for: redness'', ''hyaluronic acid'', ''clean + planet positive'', ''fragrance free'', ''good for: dryness'']','0'),
	('P416562','squalane + peptide brightening & de-puffing eye gel','0.5 oz / 15 ml','size','0.5 oz / 15 ml',0,0,0,0,1,'[''vegan'', ''hyaluronic acid'', ''good for: loss of firmness'', ''clean + planet positive'', ''good for: dark circles'', ''fragrance free'']','0'),
	('P456410','squalane + zinc sheer mineral sunscreen spf 30 pa +++','1.69 oz / 50 ml','size','1.69 oz / 50 ml',0,0,0,0,1,'[''vegan'', ''clean + planet positive'', ''good for: anti-aging'', ''fragrance free'', ''reef safe spf'', ''without parabens'']','1'),
	('P416560','squalane + antioxidant makeup removing cleansing oil','6.76 oz / 200 ml','size','6.76 oz / 200 ml',0,0,0,0,1,'[''vegan'', ''clean + planet positive'', ''fragrance free'', ''good for: dryness'', ''best for dry, combo, normal skin'', ''cruelty-free'']','0'),
	('P467110','squalane + 10% vitamin c dark spot serum','1.0 oz/ 30 ml','size','1.0 oz/ 30 ml',0,0,0,0,1,'[''vegan'', ''hyaluronic acid'', ''vitamin c'', ''clean + planet positive'', ''fragrance free'', ''good for: dark spots'']','0'),
	('P471003','squalane + bha pore-minimizing toner','4.0 oz/ 120 ml','size','4.0 oz/ 120 ml',0,0,0,0,1,'[''vegan'', ''hyaluronic acid'', ''good for: pores'', ''clean + planet positive'', ''aha/glycolic acid'', ''alcohol free'']','0'),
	('P474304','squalane + amino aloe gentle pore-minimizing cleanser','6.76 oz/ 200 ml','size','6.76 oz/ 200 ml',0,0,0,0,0,'[''vegan'', ''good for: pores'', ''clean + planet positive'', ''without parabens'', ''best for dry, combo, normal skin'', ''cruelty-free'']','0'),
	('P479304','squalane + copper peptide rapid plumping serum','1.69 oz / 50 ml','size','1.69 oz / 50 ml',0,0,0,0,1,'[''vegan'', ''hyaluronic acid'', ''good for: loss of firmness'', ''plumping'', ''clean + planet positive'', ''best for dry, combo, normal skin'']','0'),
	('P416564','100% sugarcane squalane oil','3.4 oz / 100 ml','size','3.4 oz / 100 ml',0,0,0,0,1,'[''vegan'', ''clean + planet positive'', ''fragrance free'', ''good for: dryness'', ''best for dry, combo, normal skin'', ''cruelty-free'']','0'),
	('P474022','squalane + caffeine toning body cream','6 oz / 200 ml','size','6 oz / 200 ml',0,0,0,0,1,'[''vegan'', ''good for: loss of firmness'', ''clean + planet positive'', ''fragrance free'', ''good for: dryness'', ''niacinamide'']','0'),
	('P503642','squalane + vitamin c rose brightening moisturizer','1.69 oz / 50 ml','size','1.69 oz / 50 ml',0,0,0,0,1,'[''vegan'', ''best for normal skin'', ''vitamin c'', ''clean + planet positive'', ''good for: anti-aging'', ''good for: dryness'']','0'),
	('P469439','squalane+ rose vegan lip balm','0.51 oz/ 15 ml','size','0.51 oz/ 15 ml',0,0,0,0,1,'[''hyaluronic acid'', ''clean + planet positive'', ''plumping'', ''fragrance free'', ''good for: dryness'', ''allure 2021: clean beauty winner'']','0'),
	('P462829','squalane + elderberry nourishing jelly cleanser','5.07 oz / 150 ml','size','5.07 oz / 150 ml',0,0,0,1,1,'[''vegan'', ''clean + planet positive'', ''good for: dryness'', ''without parabens'', ''best for dry, combo, normal skin'', ''cruelty-free'']','0'),
	('P501213','squalane + retinol night serum','1 oz / 30 ml','size','1 oz / 30 ml',0,0,0,0,1,'[''vegan'', ''good for: dullness/uneven texture'', ''clean + planet positive'', ''good for: anti-aging'', ''retinol'', ''best for dry, combo, normal skin'']','0'),
	('P483650','squalane + enzyme sugar body scrub','6.76 oz/ 200 ml','size','6.76 oz/ 200 ml',0,0,0,0,1,'[''vegan'', ''good for: dullness/uneven texture'', ''clean + planet positive'', ''hydrating'', ''good for: dryness'', ''cruelty-free'']','0'),
	('P480278','rapid radiance set','not specified','size','1.7 oz/ 50 ml',0,0,0,0,1,'[''vegan'', ''good for: dullness/uneven texture'', ''clean + planet positive'', ''good for: dryness'', ''without parabens'', ''best for dry, combo, normal skin'']','0'),
	('P429659','squalane + hyaluronic toning mist','2.53 oz / 75 ml','size','2.53 oz / 75 ml',0,0,0,0,1,'[''vegan'', ''hyaluronic acid'', ''clean + planet positive'', ''hydrating'', ''good for: dryness'', ''best for dry, combo, normal skin'']','0'),
	('P484033','mini squalane + vitamin c rose firming oil','0.5 oz / 15 ml','color','1.7 oz/ 50 ml',0,0,0,0,0,'[''vegan'', ''good for: loss of firmness'', ''vitamin c'', ''clean + planet positive'', ''good for: dryness'', ''best for dry, combo, normal skin'']','0'),
	('P480280','mini squalane + omega repair deep hydration moisturizer','0.5 oz / 15 ml','size','0.5 oz / 15 ml',0,0,0,0,1,'[''vegan'', ''hyaluronic acid'', ''clean + planet positive'', ''fragrance free'', ''good for: dryness'', ''best for dry, combo, normal skin'']','0'),
	('P480279','radiantly rose duo set','not specified','size','1.7 oz/ 50 ml',1,0,0,0,1,'[''hyaluronic acid'', ''vitamin c'', ''clean at sephora'', ''good for: dryness'', ''without parabens'', ''cruelty-free'']','0'),
	('P503892','instant hydration set','not specified','size','1.7 oz/ 50 ml',1,1,0,0,1,'[''vegan'', ''allure 2020 best of beauty award winner'', ''hyaluronic acid'', ''clean + planet positive'', ''good for: dryness'', ''best for dry, combo, normal skin'']','0'),
	('P270594','vitamin enriched face base priming moisturizer','1.7 oz/ 50 ml','size','1.7 oz/ 50 ml',0,0,0,0,0,'[''hyaluronic acid'', ''plumping'', ''vitamin c'', ''hydrating'', ''without parabens'', ''gluten free'']','2'),
	('P378145','long-wear cream eyeshadow stick','not specified','color','golden amber',0,0,0,0,0,'[''stick formula'', ''allure 2022 best of beauty award winner'', ''shimmer finish'', ''long-wearing'', ''waterproof'']','22'),
	('P270539','long-wear gel eyeliner','0.1 oz/ 3 g','color','black ink',0,0,0,0,0,'[''matte finish'', ''long-wearing'', ''waterproof'']','3'),
	('P270555','under eye corrector','0.05 oz/ 1.5 ml','color','light peach',0,0,0,0,0,'[''good for: redness'', ''community favorite'', ''good for: dark circles'', ''hydrating'', ''long-wearing'', ''waterproof'']','10'),
	('P401602','highlighting powder','0.28 oz / 8 g','color','peach glow',0,0,1,0,0,'[''radiant finish'', ''pressed powder formula'', ''shimmer finish'', ''without phthalates'', ''without parabens'', ''without sulfates sls & sles'']','5'),
	('P431505','mini vitamin enriched face base priming moisturizer','0.50 oz/ 15 ml','size','0.50 oz/ 15 ml',1,0,0,0,0,'[''hyaluronic acid'', ''plumping'', ''vitamin c'', ''hydrating'', ''without parabens'', ''gluten free'']','0'),
	('P427430','skin long-wear weightless foundation spf 15','1 oz/ 30 ml','color','cool ivory (c-026)',0,0,0,0,0,'[''natural finish'', ''long-wearing'', ''medium coverage'', ''spf'', ''gluten free'']','41'),
	('P270549','skin foundation stick','0.31 oz/ 9 g','color','warm sand (w-036)',0,0,0,0,0,'[''stick formula'', ''medium coverage'', ''natural finish'', ''best for oily, combo, normal skin'', ''gluten free'', ''without parabens'']','17'),
	('P422224','crushed lip color','0.17 oz/ 5 ml','color','blue raspberry',0,0,0,0,0,'[''layerable scent'', ''floral scent'']','9'),
	('P400625','luxe lipstick','0.13 oz / 3.8 g','color','neutral rose',0,0,0,0,0,'[''satin finish'', ''hydrating'', ''long-wearing'']','11'),
	('P439913','crushed liquid lipstick','0.2 oz/ 6 ml','color','hippy shake',0,0,0,0,0,'[''layerable scent'', ''floral scent'']','9'),
	('P270545','shimmer brick highlighter','0.4 oz/ 11 g','color','pink quartz',0,0,0,0,0,'[''layerable scent'', ''floral scent'']','2'),
	('P270548','bronzer','0.28 oz/ 8 g','color','golden light',0,0,0,0,0,'[''matte finish'', ''gluten free'', ''without parabens'', ''without sulfates sls & sles'']','3'),
	('P404241','extra lip tint','0.08 oz/ 2.3 g','color','bare melon',0,0,0,0,0,'[''hydrating'', ''plumping'', ''natural finish'', ''gluten free'', ''good for: dryness'']','4'),
	('P454116','crushed oil-infused gloss','0.20 oz/ 6 ml','color','free spirit',0,0,0,0,0,'[''allure 2020 best of beauty award winner'', ''hyaluronic acid'', ''high shine finish'', ''hydrating'', ''without parabens'', ''gluten free'']','12'),
	('P270551','skin foundation spf 15','1 oz/ 30 ml','color','sand 2',0,0,0,0,0,'[''light coverage'', ''natural finish'', ''liquid formula'', ''hydrating'', ''oil free'', ''best for oily, combo, normal skin'']','13'),
	('P434532','mini highlighting powder','0.14 oz/ 4 g','color','pink glow',1,0,0,0,1,'[''radiant finish'', ''without parabens'', ''without phthalates'', ''without mineral oil'', ''without formaldehydes'']','0'),
	('P270540','sheer finish pressed setting powder','0.38 oz/ 11 g','color','golden brown',0,0,0,0,0,'[''oil free'', ''pressed powder formula'', ''long-wearing'', ''matte finish'', ''without parabens'']','9'),
	('P270580','ultra fine eye liner brush','not specified','size','1.7 oz/ 50 ml',0,0,0,0,0,'[''layerable scent'', ''floral scent'']','0'),
	('P480282','skin corrector stick','.11 oz/3 g','color','light peach',0,0,0,0,0,'[''stick formula'', ''medium coverage'', ''natural finish'', ''long-wearing'', ''good for: dark spots'', ''good for: dark circles'']','11'),
	('P385586','perfectly defined gel eyeliner','0.012 oz/ 0.28 g','color','pitch black',0,0,0,0,0,'[''waterproof'', ''long-wearing'', ''gluten free'', ''without parabens'', ''without sulfates sls & sles'']','3'),
	('P434383','luxe matte lipstick','0.15 oz/ 4.5 g','color','tawny pink',0,0,0,1,0,'[''layerable scent'', ''floral scent'']','0'),
	('P382581','smokey eye mascara','0.2 oz/ 6 ml','color','black',0,0,0,0,0,'[''volumizing'', ''long-wearing'', ''lengthening'', ''gluten free'', ''without parabens'', ''without sulfates sls & sles'']','0'),
	('P270544','hydrating eye cream','0.5 oz/ 15 ml','size','0.5 oz/ 15 ml',0,0,0,0,0,'[''hydrating'', ''plumping'']','0'),
	('P422076','mini shimmer brick highlighter','0.14 oz/ 4 g','color','bronze',0,0,0,1,0,'[''layerable scent'', ''floral scent'']','0'),
	('P480281','skin concealer stick','.11 oz/3 g','color','golden',0,0,0,0,0,'[''stick formula'', ''medium coverage'', ''natural finish'', ''good for: dark circles'', ''good for: dark spots'', ''long-wearing'']','17'),
	('P270559','beach fragrance','1.7 oz/ 50 ml','size + concentration + formulation','1.7 oz/ 50 ml',0,0,0,0,0,'[''layerable scent'', ''floral scent'']','0'),
	('P501412','skin full cover concealer','.28 oz / 8 ml','color','sand',0,0,0,0,0,'[''natural finish'', ''liquid formula'', ''long-wearing'', ''full coverage'', ''without parabens'', ''without sulfates sls & sles'']','22'),
	('P420900','instant full cover concealer','0.20 oz/ 6 ml','color','chestnut',0,0,0,0,0,'[''layerable scent'', ''floral scent'']','0'),
	('P503555','mini out all-night long-wear cream eyeshadow stick set','not specified','size','1.7 oz/ 50 ml',1,0,0,1,0,'[''cream formula'', ''long-wearing'', ''waterproof'']','0'),
	('P445416','vitamin enriched face base & skin long wear foundation customizable set','not specified','size','1.7 oz/ 50 ml',1,0,1,0,0,'[''layerable scent'', ''floral scent'']','0'),
	('P465745','intensive serum foundation spf 40','1.02 oz/ 30 ml','color','espresso',0,0,1,0,0,'[''hyaluronic acid'', ''liquid formula'', ''plumping'', ''vitamin c'', ''uv protection'', ''alcohol free'']','20'),
	('P462339','vitamin enriched eye base','not specified','size','1.7 oz/ 50 ml',0,0,0,0,0,'[''hydrating'', ''plumping'', ''good for: dark circles'', ''vitamin c'', ''hyaluronic acid'', ''community favorite'']','0'),
	('P390431','full coverage face brush','not specified','size','1.7 oz/ 50 ml',0,0,0,0,0,'[''layerable scent'', ''floral scent'']','0'),
	('P270543','hydrating face cream moisturizer','1.7 oz/ 50 ml','size','1.7 oz/ 50 ml',0,0,0,0,0,'[''hydrating'', ''plumping'', ''without sulfates sls & sles'', ''cream formula'', ''without parabens'', ''without phthalates'']','0'),
	('P455195','skin long-wear fluid powder foundation spf 20','1.4 oz/ 40 ml','color','warm almond',0,0,0,0,0,'[''layerable scent'', ''floral scent'']','1'),
	('P388664','skin weightless powder foundation','0.38 oz/ 11 g','color','5 honey',0,0,0,0,0,'[''layerable scent'', ''floral scent'']','3'),
	('P392648','extra illuminating moisture balm','1 oz','size','1.7 oz/ 50 ml',0,0,0,0,0,'[''vegan'', ''hydrating'', ''plumping'', ''gluten free'', ''without parabens'', ''without phthalates'']','0'),
	('P432842','primer plus mattifier','1.3 oz/ 38 ml','size','1.3 oz/ 38 ml',0,0,0,0,0,'[''layerable scent'', ''floral scent'']','0'),
	('P383334','no smudge mascara','0.18 oz/ 5 ml','color','black',0,0,0,0,0,'[''layerable scent'', ''floral scent'']','0'),
	('P504216','extra plump hydrating lip serum','0.2 oz / 6 ml','color','bare pink',0,0,0,0,0,'[''hyaluronic acid'', ''high shine finish'', ''plumping'', ''hydrating'']','0'),
	('P403974','eye opening mascara','0.42 oz/ 14.50 ml','color','black',0,0,0,0,0,'[''layerable scent'', ''floral scent'']','0'),
	('P502815','extra lip tint duo set','not specified','size','1.7 oz/ 50 ml',1,0,0,1,0,'[''plumping'', ''hydrating'', ''long-wearing'', ''without parabens'', ''without silicones'', ''without sulfates sls & sles'']','0'),
	('P500606','crushed oil-infused gloss shimmer','0.20 oz / 6 ml','color','bare sparkle',0,0,1,0,0,'[''liquid formula'', ''high shine finish'', ''shimmer finish'', ''hydrating'', ''long-wearing'']','2'),
	('P446518','soothing face cleanser oil','6.8 oz/ 200 ml','size','6.8 oz/ 200 ml',0,0,1,0,0,'[''without mineral oil'', ''without phthalates'', ''without parabens'', ''gluten free'', ''without sulfates sls & sles'']','0'),
	('P468634','vitamin enriched face base jumbo','3.38 oz/ 100 ml','size','3.38 oz/ 100 ml',0,0,0,0,0,'[''hyaluronic acid'', ''plumping'', ''vitamin c'', ''hydrating'', ''without parabens'', ''gluten free'']','0'),
	('P481954','check your bases vitamin enriched face base set','not specified','size','1.7 oz/ 50 ml',1,0,0,0,0,'[''hyaluronic acid'', ''vitamin c'', ''hydrating'', ''without phthalates'', ''best for oily, combo, normal skin'', ''without parabens'']','0'),
	('P455332','hydrating water fresh cream moisturizer','1.7 oz/ 50 ml','size','1.7 oz/ 50 ml',0,0,0,0,0,'[''layerable scent'', ''floral scent'']','0'),
	('P504597','mini long-wear cream eyeshadow stick duo set','2 x .032 oz / 0.9 g','size','1.7 oz/ 50 ml',1,1,1,0,0,'[''stick formula'', ''shimmer finish'', ''all hair types'', ''long-wearing'', ''waterproof'']','0'),
	('P270600','extra eye repair cream intense','0.5 oz','size','0.5 oz',0,0,0,0,0,'[''hydrating'', ''plumping'', ''hyaluronic acid'', ''good for: dark circles'', ''without phthalates'', ''without parabens'']','0'),
	('P503887','long-wear cream eyeshadow stick limited edition','.05 oz / 1.6 g','color','bronze',1,0,0,0,0,'[''stick formula'', ''shimmer finish'', ''long-wearing'']','5'),
	('P474024','micro waterproof eyebrow pencil','0.002 oz/ 0.07 g','color','saddle',0,0,0,0,0,'[''waterproof'', ''long-wearing'', ''without parabens'', ''without sulfates sls & sles'', ''without phthalates'']','6'),
	('P504452','mini must haves skincare set','not specified','size','1.7 oz/ 50 ml',1,0,0,0,0,'[''natural finish'', ''plumping'', ''hydrating'']','0'),
	('P395507','extra repair moisture cream','1.7 oz/ 50 ml','size','1.7 oz/ 50 ml',0,0,1,0,0,'[''hydrating'', ''plumping'', ''hyaluronic acid'', ''good for: dryness'', ''vitamin c'']','0'),
	('P504080','limited edition lunar new year sheer finish pressed powder','0.38 oz / 10.7 g','color','pale yellow',1,0,0,0,0,'[''pressed powder formula'', ''matte finish'', ''long-wearing'', ''oil free'', ''without parabens'']','0'),
	('P388628','don''t despair, repair! deep conditioning hair mask','8 oz/ 237 ml','size','8 oz/ 237 ml',0,0,0,0,0,'[''good for: damage'', ''vegan'', ''community favorite'', ''clean + planet positive'', ''all hair types'', ''increases shine'']','2'),
	('P418507','scalp revival charcoal + coconut oil micro-exfoliating scalp scrub shampoo','8 oz/ 236 ml','size','8 oz/ 236 ml',0,0,0,0,0,'[''vegan'', ''clean + planet positive'', ''allure 2018 best of beauty award winner'', ''good for: flaky/dry scalp'', ''good for: oily scalp'']','2'),
	('P396733','farewell frizz rosarco milk leave-in conditioner','5 oz/ 148 ml','size','5 oz/ 148 ml',0,0,0,0,0,'[''clean + planet positive'', ''all hair types'', ''good for: frizz'', ''good for: dryness'', ''gluten free'', ''increases shine'']','1'),
	('P479700','don''t despair repair rice water protein + moisture strengthening treatment','5 oz/ 148 ml','size','5 oz/ 148 ml',0,0,0,0,0,'[''good for: damage'', ''vegan'', ''clean + planet positive'', ''all hair types'', ''good for: dryness'', ''increases shine'']','0'),
	('P418506','scalp revival charcoal + tea tree scalp treatment serum','1 oz/ 30 ml','size','1 oz/ 30 ml',0,0,0,0,0,'[''clean + planet positive'', ''all hair types'', ''gluten free'', ''good for: flaky/dry scalp'', ''good for: oily scalp'']','0'),
	('P457415','don''t despair, repair! strengthening treatment hair oil','1 oz/ 30 ml','size','1 oz/ 30 ml',0,0,0,0,0,'[''good for: damage'', ''vegan'', ''allure 2020 best of beauty award winner'', ''all hair types'', ''without silicones'', ''increases shine'']','0'),
	('P411359','farewell frizz blow dry perfection heat protectant cream','4 oz/ 118 ml','size','1.7 oz/ 50 ml',0,0,0,0,0,'[''clean + planet positive'', ''heat protection'', ''all hair types'', ''good for: frizz'', ''gluten free'']','0'),
	('P458943','be gentle, be kind avocado + kiwi mega moisture superfoods hair mask','8.0 oz/ 240 ml','size','8.0 oz/ 240 ml',0,0,0,0,0,'[''allure 2020 best of beauty award winner'', ''clean + planet positive'', ''all hair types'', ''good for: dryness'', ''gluten free'', ''increases shine'']','0'),
	('P427718','don’t despair, repair! super moisture shampoo for damaged hair','16 oz/ 473 ml','size','16 oz/ 473 ml',0,0,0,0,0,'[''good for: damage'', ''clean + planet positive'', ''all hair types'', ''good for: dryness'', ''gluten free'', ''increases shine'']','1'),
	('P429962','scalp revival stimulating therapy massager','not specified','size','1.7 oz/ 50 ml',0,0,0,0,0,'[''clean + planet positive'', ''all hair types'', ''good for: flaky/dry scalp'']','0'),
	('P388626','curl charisma rice amino + avocado leave–in defining cream','6 oz/ 177 ml','size','1.7 oz/ 50 ml',0,0,0,0,0,'[''clean + planet positive'', ''good for: dryness'', ''good for: frizz'', ''fragrance free'', ''curly hair'', ''gluten free'']','0'),
	('P446343','superfoods banana + coconut nourishing shampoo + conditioner duo for dry hair','not specified','size','1.7 oz/ 50 ml',1,0,0,0,0,'[''vegan'', ''clean + planet positive'', ''all hair types'', ''good for: dryness'', ''gluten free'', ''without sulfates sls & sles'']','0'),
	('P427715','scalp revival charcoal + coconut oil micro-exfoliating shampoo mini','2 oz/ 59 ml','size','2 oz/ 59 ml',0,0,0,0,0,'[''vegan'', ''allure 2018 best of beauty award winner'', ''all hair types'', ''good for: flaky/dry scalp'', ''good for: oily scalp'']','0'),
	('P418505','scalp revival charcoal + biotin dry shampoo','1.7 oz/ 50 ml','size','1.7 oz/ 50 ml',0,0,0,0,0,'[''vegan'', ''clean + planet positive'', ''all hair types'', ''alcohol free'', ''without silicones'', ''good for: oily scalp'']','0'),
	('P426204','mini don''t despair, repair! deep conditioning hair mask','2 oz/ 59 ml','size','2 oz/ 59 ml',0,0,0,0,0,'[''good for: damage'', ''vegan'', ''community favorite'', ''clean + planet positive'', ''all hair types'', ''increases shine'']','0'),
	('P503697','destined for density peptide hair serum for thicker, fuller hair','1.5 oz / 45 ml','size','1.5 oz / 45 ml',0,0,0,0,1,'[''good for: damage'', ''clean + planet positive'', ''all hair types'', ''good for: hair thinning'', ''fragrance free'', ''cruelty-free'']','0'),
	('P469440','scalp revival charcoal + tea tree cooling hydration mask for dry, itchy scalp','6 oz/ 177 ml','size','6 oz/ 177 ml',0,0,0,0,0,'[''vegan'', ''clean + planet positive'', ''all hair types'', ''fragrance free'', ''good for: flaky/dry scalp'', ''good for: oily scalp'']','0'),
	('P431542','superfoods apple, matcha + kale replenishing shampoo + conditioner duo','not specified','size','1.7 oz/ 50 ml',0,0,0,0,0,'[''layerable scent'', ''floral scent'']','0'),
	('P470202','scalp revival soothing solutions value set for oily, itchy + dry scalp','not specified','size','1.7 oz/ 50 ml',1,0,1,0,0,'[''vegan'', ''allure 2019 best of beauty award winner'', ''clean + planet positive'', ''all hair types'', ''good for: flaky/dry scalp'', ''good for: oily scalp'']','0'),
	('P402071','blossom & bloom ginseng + biotin hair volumizing shampoo','8 oz/ 237 ml','size','8 oz/ 237 ml',0,0,0,0,0,'[''vegan'', ''clean + planet positive'', ''good for: volume'', ''all hair types'', ''without sulfates sls & sles'', ''good for: oily scalp'']','1'),
	('P467242','don''t despair, repair! super moisture conditioner for dry + damaged hair','16 oz/ 473 ml','size','16 oz/ 473 ml',0,0,0,0,0,'[''good for: damage'', ''clean + planet positive'', ''all hair types'', ''good for: dryness'', ''gluten free'', ''increases shine'']','1'),
	('P447355','mini farewell frizz rosarco milk leave-in conditioner spray','1.75 oz/ 52 ml','size','1.75 oz/ 52 ml',0,0,0,0,0,'[''clean + planet positive'', ''all hair types'', ''good for: frizz'', ''good for: dryness'', ''gluten free'', ''increases shine'']','0'),
	('P388629','farewell frizz rosehip, argan & coconut hair oil','1 oz/ 30 ml','size','1.7 oz/ 50 ml',0,0,0,0,0,'[''layerable scent'', ''floral scent'']','0'),
	('P500163','superfoods avocado + kiwi moisture leave-in conditioner','5.75 oz / 170 ml','size','5.75 oz / 170 ml',0,0,0,0,0,'[''clean at sephora'', ''all hair types'', ''good for: dryness'', ''uv protection'', ''without silicones'', ''increases shine'']','0'),
	('P471538','superfoods mango + cherry balancing shampoo + conditioner duo for oil control','not specified','size','1.7 oz/ 50 ml',0,0,0,0,1,'[''clean + planet positive'', ''all hair types'', ''without silicones'', ''without sulfates sls & sles'', ''increases shine'', ''good for: oily scalp'']','0'),
	('P479735','don’t despair, repair! strength + repair solutions set','not specified','size','1.7 oz/ 50 ml',0,0,1,0,0,'[''good for: damage'', ''clean + planet positive'', ''all hair types'', ''good for: dryness'', ''without silicones'', ''increases shine'']','0'),
	('P408411','curl charisma rice amino + quinoa frizz control gel','5.5 oz/ 163 ml','size','5.5 oz/ 163 ml',0,0,0,0,0,'[''clean + planet positive'', ''curl-enhancing'', ''good for: frizz'', ''curly hair'', ''alcohol free'', ''strong hold'']','0'),
	('P461430','be gentle, be kind aloe + oat milk ultra soothing fragrance-free detangler','5.9 oz/ 174 ml','size','5.9 oz/ 174 ml',0,0,0,0,0,'[''vegan'', ''clean + planet positive'', ''good for: dryness'', ''fragrance free'', ''hypoallergenic'', ''gluten free'']','0'),
	('P388625','blossom & bloom ginseng + biotin hair volumizing conditioner','8 oz/ 237 ml','size','8 oz/ 237 ml',0,0,0,0,0,'[''vegan'', ''clean + planet positive'', ''good for: volume'', ''all hair types'']','1'),
	('P501722','the ultimate hydrate + repair hair + scalp mask kit','not specified','size','1.7 oz/ 50 ml',1,0,0,1,0,'[''good for: damage''	''good for: flaky/dry scalp''	''increases shine'']','hair'),
	('P449579','vegan boar bristle hair brush','not specified','size','1.7 oz/ 50 ml',0,0,0,0,0,'[''vegan'', ''clean + planet positive'', ''all hair types'']','0'),
	('P431543','superfoods matcha + apple replenishing shampoo','12.5 oz/ 369 ml','size','1.7 oz/ 50 ml',0,0,0,0,0,'[''allure 2019: clean beauty winner'', ''clean + planet positive'', ''all hair types'', ''good for: dryness'', ''without sulfates sls & sles'']','0'),
	('P402074','curl charisma rice amino + avocado hydrating shampoo','8 oz/ 237 ml','size','8 oz/ 237 ml',0,0,0,0,0,'[''clean + planet positive'', ''curl-enhancing'', ''good for: dryness'', ''curly hair'', ''without sulfates sls & sles'', ''increases shine'']','1'),
	('P388627','curl charisma rice amino + shea curl defining conditioner','8 oz/ 237 ml','size','8 oz/ 237 ml',0,0,0,0,0,'[''clean + planet positive'', ''curl-enhancing'', ''good for: dryness'', ''good for: frizz'', ''curly hair'', ''increases shine'']','1'),
	('P396734','blossom & bloom ginseng + biotin hair volumizing spray','5 oz/ 148 ml','size','1.7 oz/ 50 ml',0,0,0,0,0,'[''vegan'', ''clean + planet positive'', ''good for: volume'', ''all hair types'', ''alcohol free'', ''without silicones'']','0'),
	('P402073','farewell frizz smoothing conditioner','8 oz/ 237 ml','size','8 oz/ 237 ml',0,0,0,0,0,'[''vegan'', ''clean + planet positive'', ''all hair types'', ''good for: frizz'', ''gluten free'', ''increases shine'']','1'),
	('P500174','superfoods banana + coconut hydrating soft wave texture spray','5.75 oz / 170 ml','size','5.75 oz / 170 ml',0,0,0,0,0,'[''clean at sephora'', ''curl-enhancing'', ''all hair types'', ''good for: dryness'', ''alcohol free'']','0'),
	('P431544','superfoods kale + apple replenishing conditioner','12.5 oz/ 369 ml','size','1.7 oz/ 50 ml',0,0,0,0,0,'[''vegan'', ''allure 2019: clean beauty winner'', ''clean + planet positive'', ''all hair types'', ''good for: dryness'', ''increases shine'']','0'),
	('P402072','farewell frizz smoothing shampoo','8 oz/ 237 ml','size','8 oz/ 237 ml',0,0,0,0,0,'[''clean + planet positive'', ''all hair types'', ''good for: frizz'', ''gluten free'', ''without sulfates sls & sles'', ''increases shine'']','1'),
	('P469441','scalp revival soothe + detoxify travel set for dry itchy, oily scalp','not specified','size','1.7 oz/ 50 ml',0,0,0,0,0,'[''vegan'', ''allure 2019 best of beauty award winner'', ''clean + planet positive'', ''all hair types'', ''good for: flaky/dry scalp'', ''good for: oily scalp'']','0'),
	('P446340','superfoods banana + coconut nourishing shampoo','12.5 oz/ 369 ml','size','12.5 oz/ 369 ml',0,0,0,0,1,'[''vegan'', ''clean + planet positive'', ''all hair types'', ''good for: dryness'', ''gluten free'', ''without sulfates sls & sles'']','0'),
	('P446341','superfoods banana + coconut nourishing conditioner','12.5 oz/ 369 ml','size','12.5 oz/ 369 ml',0,0,0,0,1,'[''vegan'', ''clean + planet positive'', ''all hair types'', ''good for: dryness'', ''gluten free'']','0'),
	('P474305','curl charisma rice amino + avocado hydrating & defining hair mask','8 oz/ 236 ml','size','8 oz/ 236 ml',0,0,0,0,0,'[''good for: damage'', ''clean + planet positive'', ''curl-enhancing'', ''good for: dryness'', ''curly hair'', ''without silicones'']','1'),
	('P467745','don''t despair, repair! strengthen + repair travel kit','not specified','size','1.7 oz/ 50 ml',0,0,0,0,0,'[''good for: damage'', ''clean + planet positive'', ''all hair types'', ''good for: dryness'', ''increases shine'']','0'),
	('P461428','be gentle, be kind aloe + oat milk ultra soothing fragrance-free hypoallergenic shampoo','8.0 oz/ 236 ml','size','8.0 oz/ 236 ml',0,0,0,0,0,'[''clean + planet positive'', ''all hair types'', ''good for: dryness'', ''fragrance free'', ''hypoallergenic'', ''without sulfates sls & sles'']','0'),
	('P503684','destined for density peptide shampoo for thicker, fuller hair','8 oz / 236 ml','size','8 oz / 236 ml',0,1,0,0,1,'[''clean + planet positive'', ''good for: hair thinning'', ''all hair types'', ''without parabens'', ''without silicones'', ''without sulfates sls & sles'']','0'),
	('P474306','curl charisma silicone-free curly hair care travel kit','not specified','size','1.7 oz/ 50 ml',0,0,0,0,0,'[''clean + planet positive'', ''curl-enhancing'', ''good for: dryness'', ''curly hair'', ''without silicones'', ''without sulfates sls & sles'']','0'),
	('P435402','curl charisma chia + flax seed coil custard','6 oz/ 177 ml','size','6 oz/ 177 ml',0,0,0,0,0,'[''clean + planet positive'', ''curl-enhancing'', ''good for: dryness'', ''good for: frizz'', ''coily hair'', ''increases shine'']','0'),
	('P471536','superfoods mango + cherry oil control & balancing shampoo','12.5 oz/ 369 ml','size','12.5 oz/ 369 ml',0,0,0,0,1,'[''vegan'', ''clean + planet positive'', ''all hair types'', ''without sulfates sls & sles'', ''increases shine'', ''good for: oily scalp'']','0'),
	('P461429','be gentle, be kind aloe + oat milk ultra soothing fragrance-free hypoallergenic conditioner','8.0 oz/ 236 ml','size','8.0 oz/ 236 ml',0,0,0,0,0,'[''clean + planet positive'', ''all hair types'', ''good for: dryness'', ''fragrance free'', ''hypoallergenic'', ''increases shine'']','0'),
	('P503682','destined for density peptide conditioner for thicker, fuller hair','8 oz / 236 ml','size','8 oz / 236 ml',0,1,0,0,1,'[''clean + planet positive'', ''good for: hair thinning'', ''all hair types'', ''without parabens'', ''without silicones'', ''without sulfates sls & sles'']','0'),
	('P474027','farewell frizz smooth + shine hair care travel kit for frizz control + heat protection','not specified','size','1.7 oz/ 50 ml',0,0,0,0,0,'[''vegan'', ''clean + planet positive'', ''all hair types'', ''good for: frizz'', ''good for: dryness'', ''increases shine'']','0'),
	('P471537','superfoods mango + cherry oil control & balancing conditioner','12.5 oz/ 369 ml','size','12.5 oz/ 369 ml',0,0,0,0,1,'[''vegan'', ''clean + planet positive'', ''all hair types'', ''without sulfates sls & sles'', ''increases shine'', ''good for: oily scalp'']','0'),
	('P480578','blossom & bloom volumize + lift hair care travel kit','not specified','size','1.7 oz/ 50 ml',0,0,1,0,0,'[''vegan'', ''clean + planet positive'', ''good for: volume'', ''all hair types'', ''gluten free'', ''cruelty-free'']','0'),
	('P505040','be gentle, be kind aloe + oat milk ultra soothing 3-in-1 cleansing bar','3.7 oz / 104 g','size','3.7 oz / 104 g',0,1,0,0,0,'[''all hair types'', ''fragrance free'', ''hypoallergenic'', ''without sulfates sls & sles'', ''good for: flaky/dry scalp'']','0'),
	('P467941','don''t despair, repair! super moisture conditioner jumbo','33.8 oz','size','33.8 oz',0,0,1,0,0,'[''good for: damage'', ''clean + planet positive'', ''all hair types'', ''good for: dryness'', ''gluten free'', ''increases shine'']','0');
CREATE TABLE Dim_Brand (
    brand_id INT PRIMARY KEY, 
    brand_name VARCHAR(255) NOT NULL
);
INSERT INTO `Dim_Brand` ( brand_name, brand_id) VALUES 
   ('clinique',1),
	('murad',2),
	('perricone md',3),
	('shiseido',4),
	('origins',5),
	('kiehl''s since 1851',6),
	('kate somerville',7),
	('peter thomas roth',8),
	('est√©e lauder',9),
	('fresh',10),
	('algenist',11),
	('lanc√¥me',12),
	('philosophy',13),
	('caudalie',14),
	('the ordinary',15),
	('dr. dennis gross skincare',16),
	('hum nutrition',17),
	('first aid beauty',18),
	('clarins',19),
	('dr. brandt skincare',20),
	('ren clean skincare',21),
	('dior',22),
	('lancer',23),
	('dermalogica',24),
	('tarte',25),
	('amorepacific',26),
	('dermadoctor',27),
	('guerlain',28),
	('it cosmetics',29),
	('korres',30),
	('sk-ii',31),
	('belif',32),
	('dr. jart+',33),
	('l''occitane',34),
	('moon juice',35),
	('sephora collection',36),
	('sunday riley',37),
	('skin inc supplement bar',38),
	('boscia',39),
	('glamglow',40),
	('herbivore',41),
	('tatcha',42),
	('biossance',43),
	('erborian',44),
	('eve lom',45),
	('kora organics',46),
	('la mer',47),
	('olehenriksen',48),
	('tata harper',49),
	('drunk elephant',50),
	('laneige',51),
	('omorovicza',52),
	('proactiv',53),
	('bareminerals',54),
	('vital proteins',55),
	('josie maran',56),
	('kenzoki',57),
	('mario badescu',58),
	('vitruvi',59),
	('blithe',60),
	('bobbi brown',61),
	('anthony',62),
	('edible beauty',63),
	('four sigmatic',64),
	('supergoop!',65),
	('beautybio',66),
	('dr roebuck''s',67),
	('erno laszlo',68),
	('welleco',69),
	('jack black',70),
	('milk makeup',71),
	('obagi clinical',72),
	('volition beauty',73),
	('kopari',74),
	('saturday skin',75),
	('skinfix',76),
	('smashbox',77),
	('youth to the people',78),
	('bioeffect',79),
	('charlotte tilbury',80),
	('fars√åli',81),
	('farmacy',82),
	('glow recipe',83),
	('nars',84),
	('nuface',85),
	('peace out',86),
	('skin laundry',87),
	('slip',88),
	('the beauty chef',89),
	('alpha-h',90),
	('coola',91),
	('cover fx',92),
	('evian',93),
	('indie lee',94),
	('j.one',95),
	('naturally serious',96),
	('nurse jamie',97),
	('wander beauty',98),
	('becca',99),
	('briogeo',100);
    CREATE TABLE tab_Category (
    category_id INT AUTO_INCREMENT PRIMARY KEY,
    catproduct_id VARCHAR(7),
    primary_category VARCHAR(100) NOT NULL,
    secondary_category VARCHAR(100),
    tertiary_category VARCHAR(100),
   FOREIGN KEY (catproduct_id) REFERENCES Dim_Product(product_id)
);
INSERT INTO `tab_Category` (catproduct_id, primary_category, secondary_category, tertiary_category) VALUES('P439055','skincare','moisturizers','moisturizers'),
	('P421277','skincare','treatments','face serums'),
	('P467602','skincare','eye care','eye creams & treatments'),
	('P432045','skincare','lip balms & treatments','nan'),
	('P311143','skincare','sunscreen','face sunscreen'),
	('P384537','skincare','moisturizers','moisturizers'),
	('P388200','skincare','cleansers','face wash & cleansers'),
	('P296413','skincare','cleansers','face wash & cleansers'),
	('P500716','skincare','value & gift sets','nan'),
	('P379907','skincare','moisturizers','face oils'),
	('P296415','skincare','moisturizers','moisturizers'),
	('P392945','skincare','treatments','face serums'),
	('P282935','skincare','moisturizers','moisturizers'),
	('P474809','skincare','treatments','face serums'),
	('P416552','skincare','treatments','face serums'),
	('P471000','skincare','moisturizers','moisturizers'),
	('P480274','skincare','cleansers','toners'),
	('P453818','skincare','moisturizers','moisturizers'),
	('P442859','skincare','masks','face masks'),
	('P388262','skincare','eye care','eye creams & treatments'),
	('P457694','skincare','treatments','facial peels'),
	('P447504','skincare','treatments','face serums'),
	('P404169','skincare','eye care','eye creams & treatments'),
	('P404168','skincare','moisturizers','moisturizers'),
	('P449163','bath & body','body moisturizers','hand cream & foot cream'),
	('P433469','skincare','treatments','face serums'),
	('P420638','skincare','moisturizers','moisturizers'),
	('P456990','skincare','mini size','nan'),
	('P410809','skincare','eye care','eye creams & treatments'),
	('P442860','skincare','moisturizers','moisturizers'),
	('P449164','skincare','moisturizers','decollete & neck creams'),
	('P504443','skincare','value & gift sets','nan'),
	('P503998','skincare','moisturizers','moisturizers'),
	('P440949','skincare','treatments','face serums'),
	('P442540','skincare','treatments','face serums'),
	('P442539','skincare','treatments','face serums'),
	('P442546','skincare','cleansers','face wash & cleansers'),
	('P442548','skincare','mini size','nan'),
	('P442537','skincare','eye care','eye creams & treatments'),
	('P480150','skincare','treatments','face serums'),
	('P442542','skincare','treatments','facial peels'),
	('P442545','skincare','cleansers','face wash & cleansers'),
	('P460779','skincare','treatments','face serums'),
	('P393356','makeup','face','bb & cc cream'),
	('P61004','makeup','face','setting spray & powder'),
	('P410543','makeup','face','foundation'),
	('P61005','makeup','face','setting spray & powder'),
	('P469839','makeup','cheek','bronzer'),
	('P455324','makeup','lip','lipstick'),
	('P427652','makeup','cheek','blush'),
	('P469847','makeup','lip','lip gloss'),
	('P396527','makeup','brushes & applicators','face brushes'),
	('P470512','makeup','face','concealer'),
	('P473848','makeup','face','setting spray & powder'),
	('P461132','makeup','eye','mascara'),
	('P473841','makeup','eye','eye palettes'),
	('P501215','makeup','lip','liquid lipstick'),
	('P473842','makeup','eye','eyeliner'),
	('P501217','makeup','lip','lip liner'),
	('P481951','makeup','eye','mascara'),
	('P502965','mini size','makeup','nan'),
	('P504122','makeup','face','face primer'),
	('P158509','makeup','cheek','bronzer'),
	('P504153','makeup','face','face primer'),
	('P438637','skincare','eye care','eye masks'),
	('P455623','skincare','moisturizers','moisturizers'),
	('P472448','skincare','treatments','facial peels'),
	('P477961','skincare','value & gift sets','nan'),
	('P438631','bath & body','body moisturizers','body lotions & body oils'),
	('P463793','hair','hair styling & treatments','scalp treatments'),
	('P438643','skincare','cleansers','face wash & cleansers'),
	('P438628','skincare','wellness','facial rollers'),
	('P438635','skincare','lip balms & treatments','nan'),
	('P481060','skincare','eye care','eye creams & treatments'),
	('P438648','skincare','moisturizers','moisturizers'),
	('P503562','skincare','value & gift sets','nan'),
	('P444988','bath & body','body moisturizers','body lotions & body oils'),
	('P505145','skincare','cleansers','toners'),
	('P467106','skincare','high tech tools','anti-aging'),
	('P438642','skincare','cleansers','face wipes'),
	('P443810','skincare','treatments','face serums'),
	('P438632','skincare','high tech tools','anti-aging'),
	('P463792','skincare','value & gift sets','nan'),
	('P443812','skincare','treatments','face serums'),
	('P463791','skincare','high tech tools','anti-aging'),
	('P438629','skincare','moisturizers','face oils'),
	('P438640','skincare','treatments','face serums'),
	('P467107','skincare','high tech tools','anti-aging'),
	('P438634','skincare','high tech tools','anti-aging'),
	('P438638','skincare','high tech tools','anti-aging'),
	('P503552','skincare','treatments','blemish & acne treatments'),
	('P438630','skincare','high tech tools','anti-aging'),
	('P503560','skincare','high tech tools','nan'),
	('P502237','skincare','value & gift sets','nan'),
	('P483141','skincare','eye care','eye creams & treatments'),
	('P483089','skincare','value & gift sets','nan'),
	('P500755','skincare','high tech tools','anti-aging'),
	('P394639','skincare','moisturizers','moisturizers'),
	('P394624','skincare','moisturizers','moisturizers'),
	('P422905','skincare','eye care','eye creams & treatments'),
	('P475908','skincare','lip balms & treatments','nan'),
	('P462336','skincare','cleansers','face wash & cleansers'),
	('P471535','skincare','moisturizers','moisturizers'),
	('P449175','skincare','cleansers','toners'),
	('P433443','skincare','moisturizers','night creams'),
	('P444057','skincare','cleansers','face wash & cleansers'),
	('P500019','skincare','sunscreen','face sunscreen'),
	('P481952','bath & body','body moisturizers','body lotions & body oils'),
	('P435801','skincare','moisturizers','mists & essences'),
	('P504888','skincare','value & gift sets','nan'),
	('P504852','skincare','value & gift sets','nan'),
	('P433887','skincare','moisturizers','moisturizers'),
	('P416563','skincare','moisturizers','face oils'),
	('P447210','skincare','eye care','eye creams & treatments'),
	('P453224','skincare','treatments','face serums'),
	('P416561','skincare','moisturizers','moisturizers'),
	('P416562','skincare','eye care','eye creams & treatments'),
	('P456410','skincare','sunscreen','face sunscreen'),
	('P416560','skincare','cleansers','face wash & cleansers'),
	('P467110','skincare','treatments','face serums'),
	('P471003','skincare','cleansers','toners'),
	('P474304','skincare','cleansers','face wash & cleansers'),
	('P479304','skincare','treatments','face serums'),
	('P416564','skincare','moisturizers','face oils'),
	('P474022','bath & body','body moisturizers','body lotions & body oils'),
	('P503642','skincare','moisturizers','moisturizers'),
	('P469439','skincare','lip balms & treatments','nan'),
	('P462829','skincare','cleansers','face wash & cleansers'),
	('P501213','skincare','treatments','face serums'),
	('P483650','bath & body','bath & shower','scrub & exfoliants'),
	('P480278','skincare','value & gift sets','nan'),
	('P429659','skincare','moisturizers','mists & essences'),
	('P484033','skincare','moisturizers','face oils'),
	('P480280','skincare','moisturizers','moisturizers'),
	('P480279','skincare','value & gift sets','nan'),
	('P503892','skincare','value & gift sets','nan'),
	('P270594','skincare','moisturizers','moisturizers'),
	('P378145','makeup','eye','eyeshadow'),
	('P270539','makeup','eye','eyeliner'),
	('P270555','makeup','face','concealer'),
	('P401602','makeup','face','highlighter'),
	('P431505','mini size','skincare','nan'),
	('P427430','makeup','face','foundation'),
	('P270549','makeup','face','foundation'),
	('P422224','makeup','lip','lipstick'),
	('P400625','makeup','lip','lipstick'),
	('P439913','makeup','lip','lipstick'),
	('P270545','makeup','face','highlighter'),
	('P270548','makeup','cheek','bronzer'),
	('P404241','makeup','lip','lip balm & treatment'),
	('P454116','makeup','lip','lip gloss'),
	('P270551','makeup','face','foundation'),
	('P434532','mini size','makeup','nan'),
	('P270540','makeup','face','setting spray & powder'),
	('P270580','makeup','brushes & applicators','eye brushes'),
	('P480282','makeup','face','color correct'),
	('P385586','makeup','eye','eyeliner'),
	('P434383','makeup','lip','lipstick'),
	('P382581','makeup','eye','mascara'),
	('P270544','skincare','eye care','eye creams & treatments'),
	('P422076','mini size','makeup','nan'),
	('P480281','makeup','face','concealer'),
	('P270559','fragrance','women','perfume'),
	('P501412','makeup','face','concealer'),
	('P420900','makeup','face','concealer'),
	('P503555','makeup','eye','eyeshadow'),
	('P445416','makeup','face','face sets'),
	('P465745','makeup','face','foundation'),
	('P462339','skincare','eye care','eye creams & treatments'),
	('P390431','makeup','brushes & applicators','face brushes'),
	('P270543','skincare','moisturizers','moisturizers'),
	('P455195','makeup','face','foundation'),
	('P388664','makeup','face','foundation'),
	('P392648','skincare','moisturizers','moisturizers'),
	('P432842','makeup','face','face primer'),
	('P383334','makeup','eye','mascara'),
	('P504216','makeup','lip','lip balm & treatment'),
	('P403974','makeup','eye','mascara'),
	('P502815','makeup','lip','lip sets'),
	('P500606','makeup','lip','lip balm & treatment'),
	('P446518','skincare','cleansers','face wash & cleansers'),
	('P468634','skincare','moisturizers','moisturizers'),
	('P481954','makeup','value & gift sets','nan'),
	('P455332','skincare','moisturizers','moisturizers'),
	('P504597','mini size','makeup','nan'),
	('P270600','skincare','eye care','eye creams & treatments'),
	('P503887','makeup','eye','eyeshadow'),
	('P474024','makeup','eye','eyebrow'),
	('P504452','skincare','mini size','nan'),
	('P395507','skincare','moisturizers','moisturizers'),
	('P504080','makeup','face','setting spray & powder'),
	('P388628','hair','hair styling & treatments','hair masks'),
	('P418507','hair','shampoo & conditioner','shampoo'),
	('P396733','hair','hair styling & treatments','leave-in conditioner'),
	('P479700','hair','hair styling & treatments','scalp treatments'),
	('P418506','hair','hair styling & treatments','scalp treatments'),
	('P457415','hair','hair styling & treatments','hair oil'),
	('P411359','hair','hair styling & treatments','hair styling products'),
	('P458943','hair','hair styling & treatments','hair masks'),
	('P427718','hair','shampoo & conditioner','shampoo'),
	('P429962','hair','hair styling & treatments','scalp treatments'),
	('P388626','hair','hair styling & treatments','leave-in conditioner'),
	('P446343','hair','value & gift sets','nan'),
	('P427715','hair','shop by concern','damaged hair'),
	('P418505','hair','hair styling & treatments','dry shampoo'),
	('P426204','mini size','hair','nan'),
	('P503697','hair','hair styling & treatments','hair thinning & hair loss'),
	('P469440','hair','hair styling & treatments','scalp treatments'),
	('P431542','hair','value & gift sets','nan'),
	('P470202','hair','value & gift sets','nan'),
	('P402071','hair','shampoo & conditioner','shampoo'),
	('P467242','hair','shampoo & conditioner','conditioner'),
	('P447355','hair','hair styling & treatments','leave-in conditioner'),
	('P388629','hair','hair styling & treatments','hair oil'),
	('P500163','hair','hair styling & treatments','leave-in conditioner'),
	('P471538','hair','value & gift sets','nan'),
	('P479735','hair','value & gift sets','nan'),
	('P408411','hair','hair styling & treatments','hair styling products'),
	('P461430','hair','hair styling & treatments','leave-in conditioner'),
	('P388625','hair','shampoo & conditioner','conditioner'),
	('P501722','allure readers'' choice award winner: original foundation bareminerals','''all hair types''','''good for: dryness'''),
	('P449579','hair','tools','brushes & combs'),
	('P431543','hair','shampoo & conditioner','shampoo'),
	('P402074','hair','shampoo & conditioner','shampoo'),
	('P388627','hair','shampoo & conditioner','conditioner'),
	('P396734','hair','hair styling & treatments','hair styling products'),
	('P402073','hair','shampoo & conditioner','conditioner'),
	('P500174','hair','hair styling & treatments','hair styling products'),
	('P431544','hair','shampoo & conditioner','conditioner'),
	('P402072','hair','shampoo & conditioner','shampoo'),
	('P469441','hair','shampoo & conditioner','shampoo'),
	('P446340','hair','shampoo & conditioner','shampoo'),
	('P446341','hair','shampoo & conditioner','conditioner'),
	('P474305','hair','hair styling & treatments','hair masks'),
	('P467745','hair','value & gift sets','nan'),
	('P461428','hair','shampoo & conditioner','shampoo'),
	('P503684','hair','shampoo & conditioner','shampoo'),
	('P474306','hair','value & gift sets','nan'),
	('P435402','hair','hair styling & treatments','hair styling products'),
	('P471536','hair','shampoo & conditioner','shampoo'),
	('P461429','hair','shampoo & conditioner','conditioner'),
	('P503682','hair','shampoo & conditioner','conditioner'),
	('P474027','hair','value & gift sets','nan'),
	('P471537','hair','shampoo & conditioner','conditioner'),
	('P480578','hair','value & gift sets','nan'),
	('P505040','hair','shampoo & conditioner','shampoo'),
	('P467941','hair','shampoo & conditioner','conditioner');
CREATE TABLE tab_Rating (
    rating_id INT AUTO_INCREMENT PRIMARY KEY,
    ratingproduct_id VARCHAR(7),
    loves_count INT DEFAULT 0,
    rating NUMERIC(5, 4),
    reviews INT DEFAULT 0,
	FOREIGN KEY (ratingproduct_id) REFERENCES Dim_Product(product_id)
);

INSERT INTO `tab_Rating` (ratingproduct_id, loves_count, rating, reviews) 
 VALUES ('P439055',33910,4.5413,1321),
	('P421277',67870,4.0259,1159),
	('P467602',17890,4.5306,1142),
	('P432045',44448,3.8721,649),
	('P311143',27278,4.4134,508),
	('P384537',19733,4.2525,503),
	('P388200',9314,4.0569,334),
	('P296413',7681,4.2689,264),
	('P500716',3206,4.8023,258),
	('P379907',10676,4.4531,245),
	('P296415',10578,4.3808,239),
	('P392945',10068,3.9825,229),
	('P282935',6807,4.2715,221),
	('P474809',6040,4.6087,207),
	('P416552',10859,4.3854,205),
	('P471000',4845,4.6982,169),
	('P480274',4693,4.7939,165),
	('P453818',11763,4.464,125),
	('P442859',14367,4.3729,118),
	('P388262',6866,3.7759,116),
	('P457694',11488,4.213,108),
	('P447504',3877,3.97,100),
	('P404169',9082,4.023,87),
	('P404168',5169,4.1818,77),
	('P449163',5372,4.175,40),
	('P433469',5451,4.1026,39),
	('P420638',3317,4.3243,37),
	('P456990',8900,3.4412,34),
	('P410809',1957,3.2581,31),
	('P442860',1897,3.2,30),
	('P449164',5118,3.8889,18),
	('P504443',522,3,1),
	('P503998',442,0,0),
	('P440949',18300,4.5093,915),
	('P442540',7074,4.3579,95),
	('P442539',6331,4.2619,84),
	('P442546',3612,4.5455,77),
	('P442548',11971,4,34),
	('P442537',3406,3.8824,17),
	('P480150',3928,5,16),
	('P442542',6057,4.6,15),
	('P442545',2138,4.25,12),
	('P460779',7614,4.4339,3727),
	('P393356',227404,4.0038,3957),
	('P61004',117617,4.5216,5984),
	('P410543',89419,4.0679,427),
	('P61005',64159,4.5866,3411),
	('P469839',39865,4.543,256),
	('P455324',39520,4.4602,1873),
	('P427652',31318,4.6062,193),
	('P469847',29479,4.6178,225),
	('P396527',21973,4.2426,169),
	('P470512',15997,4.3244,706),
	('P473848',13414,4.4453,869),
	('P461132',10368,4.0557,574),
	('P473841',10113,4.1801,161),
	('P501215',9436,4.655,200),
	('P473842',8893,4.4298,228),
	('P501217',6415,4.6741,135),
	('P481951',2708,4.044,159),
	('P502965',1448,1.8333,6),
	('P504122',999,4.5278,72),
	('P158509',947,4.526,192),
	('P504153',839,3,2),
	('P438637',16264,4.0594,202),
	('P455623',5539,4.4063,192),
	('P472448',4079,4.6354,181),
	('P477961',5836,4.7229,166),
	('P438631',7820,3.5333,15),
	('P463793',7755,4.4729,129),
	('P438643',10844,4.4713,87),
	('P438628',18126,4.5833,84),
	('P438635',15560,3.4268,82),
	('P481060',6812,4.6909,55),
	('P438648',5300,3.8462,39),
	('P503562',7799,4.1212,33),
	('P444988',4084,4.2105,19),
	('P505145',372,4.6667,24),
	('P467106',5219,4.4762,21),
	('P438642',4747,3.5556,18),
	('P443810',2415,3.1176,17),
	('P438632',14832,4.0714,14),
	('P463792',5810,3.5385,13),
	('P443812',2668,3.1667,12),
	('P463791',4954,4.2727,11),
	('P438629',4050,4.1818,11),
	('P438640',5003,3.7,10),
	('P467107',1960,4.5,10),
	('P438634',7926,3.6667,9),
	('P438638',4925,2.5,8),
	('P503552',1715,5,8),
	('P438630',3334,4.1429,7),
	('P503560',1011,5,7),
	('P502237',2634,4.3333,6),
	('P483141',1607,4,5),
	('P483089',1349,3.5,2),
	('P500755',876,0,0),
	('P394639',265050,4.4841,7292),
	('P394624',151868,4.5631,4523),
	('P422905',101158,4.4641,2965),
	('P475908',13764,4.4068,1964),
	('P462336',14738,4.4598,1331),
	('P471535',19491,4.4992,1242),
	('P449175',24132,4.361,1050),
	('P433443',47248,4.5147,985),
	('P444057',17087,4.2943,683),
	('P500019',11146,4.5248,423),
	('P481952',6444,4.4958,1067),
	('P435801',12101,4.1042,48),
	('P504888',1088,3.5,2),
	('P504852',1736,0,0),
	('P433887',76514,4.2101,2089),
	('P416563',167407,4.3483,1470),
	('P447210',92333,4.1436,1010),
	('P453224',72034,4.3965,966),
	('P416561',58788,4.0924,714),
	('P416562',59273,3.6371,653),
	('P456410',54584,3.8812,648),
	('P416560',51767,4.0203,639),
	('P467110',44580,4.3465,635),
	('P471003',52399,4.4309,608),
	('P474304',39366,4.4072,528),
	('P479304',47526,4.4721,519),
	('P416564',69489,4.5336,476),
	('P474022',25520,4.6023,176),
	('P503642',11500,4.4234,333),
	('P469439',29662,3.8809,277),
	('P462829',21228,3.6441,236),
	('P501213',12007,4.4742,213),
	('P483650',9831,4.3158,19),
	('P480278',55347,4.1324,136),
	('P429659',28719,4.2551,98),
	('P484033',22591,4.15,40),
	('P480280',14541,3.2333,30),
	('P480279',10973,3.7,10),
	('P503892',3629,3.6667,3),
	('P270594',171118,4.6058,3440),
	('P378145',189954,4.6703,2487),
	('P270539',129177,4.2431,2620),
	('P270555',113987,4.4694,2499),
	('P401602',93921,4.5736,795),
	('P431505',85824,4.5871,3577),
	('P427430',79100,4.4647,2877),
	('P270549',76696,4.1852,1231),
	('P422224',68461,4.4059,441),
	('P400625',66270,4.4961,256),
	('P439913',65660,4.4202,802),
	('P270545',61838,4.4031,655),
	('P270548',53605,4.6209,604),
	('P404241',51136,4.3542,240),
	('P454116',50752,4.7558,868),
	('P270551',48205,4.0718,1114),
	('P434532',47907,4.1452,62),
	('P270540',33807,4.5382,249),
	('P270580',31922,4.5546,366),
	('P480282',26936,4.7367,771),
	('P385586',24171,4.0047,212),
	('P434383',24078,4.2719,114),
	('P382581',22268,4.3333,501),
	('P270544',21441,4.099,404),
	('P422076',21507,4.3883,667),
	('P480281',21359,4.6413,446),
	('P270559',17977,4.0987,476),
	('P501412',17491,4.6893,1429),
	('P420900',15705,3.4195,267),
	('P503555',15615,4.4,5),
	('P445416',14844,4,31),
	('P465745',14238,4.4383,235),
	('P462339',24532,4.639,241),
	('P390431',13745,4.5851,94),
	('P270543',14373,4.2188,224),
	('P455195',11848,3.8099,121),
	('P388664',11514,3.8897,136),
	('P392648',10298,3.3697,165),
	('P432842',9886,4.3692,260),
	('P383334',7720,3.9298,114),
	('P504216',7142,3.7778,9),
	('P403974',6861,3.2847,418),
	('P502815',5181,4.2,5),
	('P500606',4526,3.6667,6),
	('P446518',10137,4.4063,32),
	('P468634',17355,4.84,25),
	('P481954',2936,0,0),
	('P455332',3974,4.3333,18),
	('P504597',2725,2.5,4),
	('P270600',12571,3.3636,11),
	('P503887',2047,4.3333,3),
	('P474024',1776,3.6667,9),
	('P504452',4452,3.4286,7),
	('P395507',3331,4.5,2),
	('P504080',782,5,1),
	('P388628',185461,4.0752,3313),
	('P418507',145317,4.0768,2853),
	('P396733',97311,4.1949,1329),
	('P479700',70690,4.608,426),
	('P418506',67691,4.0947,655),
	('P457415',62360,4.1202,890),
	('P411359',57410,4.2283,508),
	('P458943',51247,4.2308,520),
	('P427718',50461,4.1077,836),
	('P429962',49397,3.9671,243),
	('P388626',45707,4.1104,752),
	('P446343',42162,4.194,1062),
	('P427715',41332,3.6965,201),
	('P418505',40196,4.0457,700),
	('P426204',40091,3.9226,155),
	('P503697',39692,3.9172,157),
	('P469440',38077,4.5603,257),
	('P431542',34319,4.0365,712),
	('P470202',31136,4.4211,95),
	('P402071',30454,3.7443,524),
	('P467242',27492,4.1548,239),
	('P447355',26674,3.3594,128),
	('P388629',24726,3.6441,177),
	('P500163',24065,4.2381,231),
	('P471538',22629,4,308),
	('P479735',21772,4.3218,87),
	('P408411',21472,3.9944,356),
	('P461430',19749,3.9823,621),
	('P388625',19405,3.7923,284),
	('P501722',18182,4.75,40),
	('P449579',18112,3.8646,96),
	('P431543',18032,3.7602,442),
	('P402074',17689,4.0366,246),
	('P388627',17528,4.1708,322),
	('P396734',17494,3.9819,331),
	('P402073',17187,4.0854,246),
	('P500174',15505,4.3036,224),
	('P431544',15186,4.3213,249),
	('P402072',15025,3.9591,342),
	('P469441',14885,3.7381,42),
	('P446340',11078,3.9829,467),
	('P446341',10585,4.2579,318),
	('P474305',10534,4.4773,44),
	('P467745',9970,3.6744,43),
	('P461428',9879,3.9009,646),
	('P503684',9612,4.4127,63),
	('P474306',9243,3.3889,18),
	('P435402',8740,4,86),
	('P471536',8026,4.2271,207),
	('P461429',7753,4.1399,579),
	('P503682',7050,4.7115,52),
	('P474027',5804,2.2857,14),
	('P471537',5536,4.6477,176),
	('P480578',4140,2.8333,6),
	('P505040',648,4.8434,83),
	('P467941',0,0,0);

   CREATE TABLE tab_Price (
    price_id INT auto_increment primary key,
    priceproduct_id VARCHAR(7),
    price_usd DECIMAL(10, 2),
    value_price_usd DECIMAL(10, 2),
    sale_price_usd DECIMAL(10, 2),
     FOREIGN KEY (priceproduct_id) REFERENCES Dim_Product(product_id)
);

INSERT INTO `tab_Price` (priceproduct_id, price_usd, value_price_usd, sale_price_usd)  VALUES ('P439055',98,98,0),
	('P421277',115,115,0),
	('P467602',68,68,0),
	('P432045',29,29,0),
	('P311143',28,28,0),
	('P384537',112,112,0),
	('P388200',38,38,0),
	('P296413',28,28,0),
	('P500716',88,142,0),
	('P379907',82,82,0),
	('P296415',94,94,0),
	('P392945',118,118,0),
	('P282935',94,94,0),
	('P474809',72,72,0),
	('P416552',95,95,0),
	('P471000',65,65,0),
	('P480274',40,40,0),
	('P453818',58,58,0),
	('P442859',38,38,0),
	('P388262',74,74,0),
	('P457694',85,85,0),
	('P447504',85,85,0),
	('P404169',70,70,0),
	('P404168',85,85,0),
	('P449163',38,38,0),
	('P433469',98,98,0),
	('P420638',96,96,0),
	('P456990',25,25,0),
	('P410809',72,72,0),
	('P442860',40,40,0),
	('P449164',84,84,0),
	('P504443',44,44,0),
	('P503998',98,98,0),
	('P440949',56,56,0),
	('P442540',65,65,0),
	('P442539',65,65,0),
	('P442546',38,38,0),
	('P442548',22,22,0),
	('P442537',82,82,0),
	('P480150',105,105,0),
	('P442542',106,106,0),
	('P442545',38,38,0),
	('P460779',65,65,0),
	('P393356',37,37,0),
	('P61004',33,33,0),
	('P410543',38,38,0),
	('P61005',25,25,0),
	('P469839',26,26,0),
	('P455324',22,22,0),
	('P427652',26,26,0),
	('P469847',22,22,0),
	('P396527',35,35,0),
	('P470512',28,28,0),
	('P473848',33,33,0),
	('P461132',22,22,0),
	('P473841',32,32,0),
	('P501215',22,22,0),
	('P473842',21,21,0),
	('P501217',21,21,0),
	('P481951',22,22,0),
	('P502965',13,13,0),
	('P504122',28,28,0),
	('P158509',25,25,0),
	('P504153',16,16,0),
	('P438637',40,40,0),
	('P455623',69,69,0),
	('P472448',69,69,0),
	('P477961',199,233,0),
	('P438631',65,65,0),
	('P463793',59,59,0),
	('P438643',39,39,0),
	('P438628',65,65,0),
	('P438635',39,39,0),
	('P481060',58,58,0),
	('P438648',129,129,0),
	('P503562',199,199,0),
	('P444988',60,60,0),
	('P505145',49,49,0),
	('P467106',85,85,0),
	('P438642',39,39,0),
	('P443810',75,75,0),
	('P438632',49,49,0),
	('P463792',249,249,0),
	('P443812',85,85,0),
	('P463791',59,59,0),
	('P438629',70,70,0),
	('P438640',95,95,0),
	('P467107',75,75,0),
	('P438634',39,39,0),
	('P438638',39,39,0),
	('P503552',45,45,0),
	('P438630',49,49,0),
	('P503560',30,30,0),
	('P502237',199,317,0),
	('P483141',99,99,0),
	('P483089',249,329,0),
	('P500755',100,125,0),
	('P394639',38,38,0),
	('P394624',38,38,0),
	('P422905',48,48,0),
	('P475908',22,22,0),
	('P462336',38,38,0),
	('P471535',45,45,0),
	('P449175',30,30,0),
	('P433443',38,38,0),
	('P444057',30,30,0),
	('P500019',38,38,0),
	('P481952',30,30,0),
	('P435801',38,38,0),
	('P504888',27,40,0),
	('P504852',38,56,0),
	('P433887',60,60,0),
	('P416563',74,74,0),
	('P447210',56,56,0),
	('P453224',65,65,0),
	('P416561',54,54,0),
	('P416562',56,56,0),
	('P456410',34,34,0),
	('P416560',32,32,0),
	('P467110',65,65,0),
	('P471003',30,30,0),
	('P474304',28,28,0),
	('P479304',68,68,0),
	('P416564',34,34,0),
	('P474022',30,30,0),
	('P503642',56,56,0),
	('P469439',16,16,0),
	('P462829',28,28,20),
	('P501213',72,72,0),
	('P483650',28,28,0),
	('P480278',35,92,0),
	('P429659',32,32,0),
	('P484033',40,40,0),
	('P480280',20,20,0),
	('P480279',25,40,0),
	('P503892',74,107,0),
	('P270594',66,66,0),
	('P378145',32,32,0),
	('P270539',32,32,0),
	('P270555',33,33,0),
	('P401602',52,52,0),
	('P431505',24,24,0),
	('P427430',52,52,0),
	('P270549',52,52,0),
	('P422224',32,32,0),
	('P400625',40,40,0),
	('P439913',32,32,0),
	('P270545',52,52,0),
	('P270548',46,46,0),
	('P404241',35,35,0),
	('P454116',32,32,0),
	('P270551',52,52,0),
	('P434532',25,25,0),
	('P270540',46,46,0),
	('P270580',31,31,0),
	('P480282',33,33,0),
	('P385586',32,32,0),
	('P434383',38,38,0),
	('P382581',34,34,0),
	('P270544',58,58,0),
	('P422076',25,25,0),
	('P480281',33,33,0),
	('P270559',82,82,0),
	('P501412',33,33,0),
	('P420900',32,32,0),
	('P503555',30,50,0),
	('P445416',72,118,0),
	('P465745',75,75,0),
	('P462339',58,58,0),
	('P390431',55,55,0),
	('P270543',66,66,0),
	('P455195',40,40,0),
	('P388664',52,52,0),
	('P392648',74,74,0),
	('P432842',42,42,0),
	('P383334',34,34,0),
	('P504216',35,35,0),
	('P403974',34,34,0),
	('P502815',34,68,0),
	('P500606',32,32,0),
	('P446518',53,53,0),
	('P468634',99,120,0),
	('P481954',92,132,0),
	('P455332',66,66,0),
	('P504597',25,32,0),
	('P270600',86,86,0),
	('P503887',32,32,0),
	('P474024',35,35,0),
	('P504452',25,53,0),
	('P395507',110,110,0),
	('P504080',46,46,0),
	('P388628',39,39,0),
	('P418507',42,42,0),
	('P396733',25,25,0),
	('P479700',44,44,0),
	('P418506',32,32,0),
	('P457415',30,30,0),
	('P411359',26,26,0),
	('P458943',39,39,0),
	('P427718',39,39,0),
	('P429962',18,18,0),
	('P388626',24,24,0),
	('P446343',52,60,0),
	('P427715',15,15,0),
	('P418505',25,25,0),
	('P426204',15,15,0),
	('P503697',57,57,0),
	('P469440',34,34,0),
	('P431542',52,60,0),
	('P470202',76,102,0),
	('P402071',28,28,0),
	('P467242',39,39,0),
	('P447355',12,12,0),
	('P388629',30,30,0),
	('P500163',25,25,0),
	('P471538',52,60,0),
	('P479735',79,107,0),
	('P408411',24,24,0),
	('P461430',25,25,0),
	('P388625',28,28,0),
	('P501722',29,49,22),
	('P449579',28,28,0),
	('P431543',30,30,0),
	('P402074',28,28,0),
	('P388627',28,28,0),
	('P396734',25,25,0),
	('P402073',28,28,0),
	('P500174',25,25,0),
	('P431544',30,30,0),
	('P402072',28,28,0),
	('P469441',35,38,0),
	('P446340',30,30,0),
	('P446341',30,30,0),
	('P474305',39,39,0),
	('P467745',32,47,0),
	('P461428',28,28,0),
	('P503684',32,32,0),
	('P474306',30,51,0),
	('P435402',26,26,0),
	('P471536',30,30,0),
	('P461429',28,28,0),
	('P503682',32,32,0),
	('P474027',30,48,0),
	('P471537',30,30,0),
	('P480578',25,36,0),
	('P505040',25,25,0),
	('P467941',69,80,0);
CREATE TABLE FactProductMetrics (
    fact_id INT AUTO_INCREMENT PRIMARY KEY,
	 `fact_product_id` VARCHAR(7) ,
    `fact_brand_id` INT,
    `brand_COUNT` INT,
     FOREIGN KEY (fact_product_id ) REFERENCES Dim_Product(product_id),
	 foreign key (fact_brand_id) REFERENCES Dim_Brand(brand_id)
);
INSERT INTO `FactProductMetrics` (fact_product_id, fact_brand_id, brand_count) VALUES ('P439055',11,36),
	('P421277',11,36),
	('P467602',11,36),
	('P432045',11,36),
	('P311143',11,36),
	('P384537',11,36),
	('P388200',11,36),
	('P296413',11,36),
	('P500716',11,36),
	('P379907',11,36),
	('P296415',11,36),
	('P392945',11,36),
	('P282935',11,36),
	('P474809',11,36),
	('P416552',11,36),
	('P471000',11,36),
	('P480274',11,36),
	('P453818',11,36),
	('P442859',11,36),
	('P388262',11,36),
	('P457694',11,36),
	('P447504',11,36),
	('P404169',11,36),
	('P404168',11,36),
	('P449163',11,36),
	('P433469',11,36),
	('P420638',11,36),
	('P456990',11,36),
	('P410809',11,36),
	('P442860',11,36),
	('P449164',11,36),
	('P504443',11,36),
	('P503998',11,36),
	('P440949',90,4),
	('P442540',90,4),
	('P442539',90,4),
	('P442546',90,4),
	('P442548',90,4),
	('P442537',90,4),
	('P480150',90,4),
	('P442542',90,4),
	('P442545',90,4),
	('P460779',54,13),
	('P393356',54,13),
	('P61004',54,13),
	('P410543',54,13),
	('P61005',54,13),
	('P469839',54,13),
	('P455324',54,13),
	('P427652',54,13),
	('P469847',54,13),
	('P396527',54,13),
	('P470512',54,13),
	('P473848',54,13),
	('P461132',54,13),
	('P473841',54,13),
	('P501215',54,13),
	('P473842',54,13),
	('P501217',54,13),
	('P481951',54,13),
	('P502965',54,13),
	('P504122',54,13),
	('P158509',54,13),
	('P504153',54,13),
	('P438637',66,8),
	('P455623',66,8),
	('P472448',66,8),
	('P477961',66,8),
	('P438631',66,8),
	('P463793',66,8),
	('P438643',66,8),
	('P438628',66,8),
	('P438635',66,8),
	('P481060',66,8),
	('P438648',66,8),
	('P503562',66,8),
	('P444988',66,8),
	('P505145',66,8),
	('P467106',66,8),
	('P438642',66,8),
	('P443810',66,8),
	('P438632',66,8),
	('P463792',66,8),
	('P443812',66,8),
	('P463791',66,8),
	('P438629',66,8),
	('P438640',66,8),
	('P467107',66,8),
	('P438634',66,8),
	('P438638',66,8),
	('P503552',66,8),
	('P438630',66,8),
	('P503560',66,8),
	('P502237',66,8),
	('P483141',66,8),
	('P483089',66,8),
	('P500755',66,8),
	('P394639',32,17),
	('P394624',32,17),
	('P422905',32,17),
	('P475908',32,17),
	('P462336',32,17),
	('P471535',32,17),
	('P449175',32,17),
	('P433443',32,17),
	('P444057',32,17),
	('P500019',32,17),
	('P481952',32,17),
	('P435801',32,17),
	('P504888',32,17),
	('P504852',32,17),
	('P433887',43,14),
	('P416563',43,14),
	('P447210',43,14),
	('P453224',43,14),
	('P416561',43,14),
	('P416562',43,14),
	('P456410',43,14),
	('P416560',43,14),
	('P467110',43,14),
	('P471003',43,14),
	('P474304',43,14),
	('P479304',43,14),
	('P416564',43,14),
	('P474022',43,14),
	('P503642',43,14),
	('P469439',43,14),
	('P462829',43,14),
	('P501213',43,14),
	('P483650',43,14),
	('P480278',43,14),
	('P429659',43,14),
	('P484033',43,14),
	('P480280',43,14),
	('P480279',43,14),
	('P503892',43,14),
	('P270594',61,10),
	('P378145',61,10),
	('P270539',61,10),
	('P270555',61,10),
	('P401602',61,10),
	('P431505',61,10),
	('P427430',61,10),
	('P270549',61,10),
	('P422224',61,10),
	('P400625',61,10),
	('P439913',61,10),
	('P270545',61,10),
	('P270548',61,10),
	('P404241',61,10),
	('P454116',61,10),
	('P270551',61,10),
	('P434532',61,10),
	('P270540',61,10),
	('P270580',61,10),
	('P480282',61,10),
	('P385586',61,10),
	('P434383',61,10),
	('P382581',61,10),
	('P270544',61,10),
	('P422076',61,10),
	('P480281',61,10),
	('P270559',61,10),
	('P501412',61,10),
	('P420900',61,10),
	('P503555',61,10),
	('P445416',61,10),
	('P465745',61,10),
	('P462339',61,10),
	('P390431',61,10),
	('P270543',61,10),
	('P455195',61,10),
	('P388664',61,10),
	('P392648',61,10),
	('P432842',61,10),
	('P383334',61,10),
	('P504216',61,10),
	('P403974',61,10),
	('P502815',61,10),
	('P500606',61,10),
	('P446518',61,10),
	('P468634',61,10),
	('P481954',61,10),
	('P455332',61,10),
	('P504597',61,10),
	('P270600',61,10),
	('P503887',61,10),
	('P474024',61,10),
	('P504452',61,10),
	('P395507',61,10),
	('P504080',61,10),
	('P388628',100,3),
	('P418507',100,3),
	('P396733',100,3),
	('P479700',100,3),
	('P418506',100,3),
	('P457415',100,3),
	('P411359',100,3),
	('P458943',100,3),
	('P427718',100,3),
	('P429962',100,3),
	('P388626',100,3),
	('P446343',100,3),
	('P427715',100,3),
	('P418505',100,3),
	('P426204',100,3),
	('P503697',100,3),
	('P469440',100,3),
	('P431542',100,3),
	('P470202',100,3),
	('P402071',100,3),
	('P467242',100,3),
	('P447355',100,3),
	('P388629',100,3),
	('P500163',100,3),
	('P471538',100,3),
	('P479735',100,3),
	('P408411',100,3),
	('P461430',100,3),
	('P388625',100,3),
	('P501722',100,3),
	('P449579',100,3),
	('P431543',100,3),
	('P402074',100,3),
	('P388627',100,3),
	('P396734',100,3),
	('P402073',100,3),
	('P500174',100,3),
	('P431544',100,3),
	('P402072',100,3),
	('P469441',100,3),
	('P446340',100,3),
	('P446341',100,3),
	('P474305',100,3),
	('P467745',100,3),
	('P461428',100,3),
	('P503684',100,3),
	('P474306',100,3),
	('P435402',100,3),
	('P471536',100,3),
	('P461429',100,3),
	('P503682',100,3),
	('P474027',100,3),
	('P471537',100,3),
	('P480578',100,3),
	('P505040',100,3),
	('P467941',100,3);
    commit ; 
select * from Dim_brand;
select * from tab_category;
select * from Dim_product;
select * from tab_Rating;
select * from tab_Price;
select * from FactProductMetrics;

SELECT ratingproduct_id, SUM(loves_count) AS Total_Loves
FROM tab_Rating
GROUP BY ratingproduct_id;
SELECT ratingproduct_id, AVG(rating) AS Average_Rating
FROM tab_rating
GROUP BY ratingproduct_id;
SELECT ratingproduct_id, SUM(reviews) AS Total_Reviews
FROM tab_rating
GROUP BY ratingproduct_id;
SELECT ratingproduct_id, COUNT(CASE WHEN reviews > 0 THEN 1 END) AS Review_Count
FROM tab_rating
GROUP BY ratingproduct_id;
SELECT brand_name, COUNT(DISTINCT fact_product_id) AS number_of_products 
FROM FactProductMetrics
JOIN Dim_Brand ON fact_brand_id = brand_id
GROUP BY brand_name;
